elapsed_sec,run_id,leg,temp_c,humidity_pct,status,data_missing
0,1,cold_storage_loading,4.19,44.8,OK,False
1,1,cold_storage_loading,3.91,43.5,OK,False
2,1,cold_storage_loading,4.06,42.0,OK,False
3,1,cold_storage_loading,3.94,47.7,OK,False
4,1,cold_storage_loading,3.95,43.0,OK,False
5,1,cold_storage_loading,3.96,44.7,OK,False
6,1,cold_storage_loading,4.07,43.2,OK,False
7,1,cold_storage_loading,3.82,47.5,OK,False
8,1,cold_storage_loading,3.8,46.3,OK,False
9,1,cold_storage_loading,3.96,44.1,OK,False
10,1,cold_storage_loading,3.85,46.7,OK,False
11,1,cold_storage_loading,4.04,46.8,OK,False
12,1,cold_storage_loading,3.83,43.3,OK,False
13,1,cold_storage_loading,4.09,42.8,OK,False
14,1,cold_storage_loading,4.0,43.6,OK,False
15,1,cold_storage_loading,3.9,44.9,OK,False
16,1,cold_storage_loading,3.94,45.8,OK,False
17,1,cold_storage_loading,3.82,43.5,OK,False
18,1,cold_storage_loading,3.88,47.6,OK,False
19,1,cold_storage_loading,3.88,42.1,OK,False
20,1,cold_storage_loading,3.89,47.3,OK,False
21,1,cold_storage_loading,4.19,46.3,OK,False
22,1,cold_storage_loading,4.08,42.6,OK,False
23,1,cold_storage_loading,3.88,47.3,OK,False
24,1,cold_storage_loading,4.1,44.8,OK,False
25,1,cold_storage_loading,3.89,45.5,OK,False
26,1,cold_storage_loading,3.97,43.9,OK,False
27,1,cold_storage_loading,4.16,43.6,OK,False
28,1,cold_storage_loading,4.18,47.2,OK,False
29,1,cold_storage_loading,4.05,47.1,OK,False
30,1,highway_transit,4.91,49.4,OK,False
31,1,highway_transit,5.03,51.6,OK,False
32,1,highway_transit,5.04,51.1,OK,False
33,1,highway_transit,4.84,49.9,OK,False
34,1,highway_transit,4.87,48.5,OK,False
35,1,highway_transit,5.03,49.6,OK,False
36,1,highway_transit,4.85,48.4,OK,False
37,1,highway_transit,5.09,48.8,OK,False
38,1,highway_transit,5.05,50.0,OK,False
39,1,highway_transit,4.99,48.0,OK,False
40,1,highway_transit,4.93,47.9,OK,False
41,1,highway_transit,5.06,52.7,OK,False
42,1,highway_transit,5.09,51.8,OK,False
43,1,highway_transit,4.97,49.5,OK,False
44,1,highway_transit,5.15,50.0,OK,False
45,1,highway_transit,4.99,51.8,OK,False
46,1,highway_transit,5.02,48.2,OK,False
47,1,highway_transit,4.94,49.5,OK,False
48,1,highway_transit,4.82,52.4,OK,False
49,1,highway_transit,4.86,47.3,OK,False
50,1,highway_transit,4.91,48.4,OK,False
51,1,highway_transit,5.19,50.0,OK,False
52,1,highway_transit,4.94,50.8,OK,False
53,1,highway_transit,5.05,47.1,OK,False
54,1,highway_transit,4.8,47.6,OK,False
55,1,highway_transit,4.94,49.7,OK,False
56,1,highway_transit,5.18,49.5,OK,False
57,1,highway_transit,5.1,50.1,OK,False
58,1,highway_transit,4.83,48.5,OK,False
59,1,highway_transit,4.91,51.6,OK,False
60,1,highway_transit,4.93,51.0,OK,False
61,1,highway_transit,5.1,49.5,OK,False
62,1,highway_transit,5.1,52.3,OK,False
63,1,highway_transit,5.1,50.0,OK,False
64,1,highway_transit,4.95,49.6,OK,False
65,1,highway_transit,5.19,49.8,OK,False
66,1,highway_transit,5.14,50.4,OK,False
67,1,highway_transit,5.14,50.1,OK,False
68,1,highway_transit,4.99,51.5,OK,False
69,1,highway_transit,5.12,51.7,OK,False
70,1,highway_transit,5.14,49.8,OK,False
71,1,highway_transit,5.05,47.3,OK,False
72,1,highway_transit,5.14,49.8,OK,False
73,1,highway_transit,5.17,48.8,OK,False
74,1,highway_transit,4.96,52.1,OK,False
75,1,highway_transit,5.04,50.8,OK,False
76,1,highway_transit,5.19,52.4,OK,False
77,1,highway_transit,4.96,49.4,OK,False
78,1,highway_transit,4.9,48.0,OK,False
79,1,highway_transit,4.88,50.1,OK,False
80,1,highway_transit,4.94,48.0,OK,False
81,1,highway_transit,5.01,50.3,OK,False
82,1,highway_transit,5.07,47.3,OK,False
83,1,highway_transit,5.1,49.5,OK,False
84,1,highway_transit,4.8,51.2,OK,False
85,1,highway_transit,4.97,48.0,OK,False
86,1,highway_transit,5.1,52.4,OK,False
87,1,highway_transit,4.83,52.4,OK,False
88,1,highway_transit,5.04,47.3,OK,False
89,1,highway_transit,5.02,51.3,OK,False
90,1,customs_hub_hold,6.16,52.1,OK,False
91,1,customs_hub_hold,5.97,56.8,OK,False
92,1,customs_hub_hold,6.02,53.6,OK,False
93,1,customs_hub_hold,6.16,54.0,OK,False
94,1,customs_hub_hold,5.93,53.0,OK,False
95,1,customs_hub_hold,6.18,54.4,OK,False
96,1,customs_hub_hold,5.81,56.4,OK,False
97,1,customs_hub_hold,6.15,57.2,OK,False
98,1,customs_hub_hold,5.97,55.2,OK,False
99,1,customs_hub_hold,6.14,57.0,OK,False
100,1,customs_hub_hold,6.01,52.9,OK,False
101,1,customs_hub_hold,6.13,52.0,OK,False
102,1,customs_hub_hold,6.18,53.3,OK,False
103,1,customs_hub_hold,6.01,57.2,OK,False
104,1,customs_hub_hold,5.87,57.8,OK,False
105,1,customs_hub_hold,5.84,54.2,OK,False
106,1,customs_hub_hold,6.09,54.5,OK,False
107,1,customs_hub_hold,5.8,57.5,OK,False
108,1,customs_hub_hold,5.86,54.1,OK,False
109,1,customs_hub_hold,5.8,57.0,OK,False
110,1,customs_hub_hold,5.87,54.9,OK,False
111,1,customs_hub_hold,6.02,52.3,OK,False
112,1,customs_hub_hold,5.88,53.2,OK,False
113,1,customs_hub_hold,5.94,53.0,OK,False
114,1,customs_hub_hold,6.1,54.2,OK,False
115,1,customs_hub_hold,5.85,57.7,OK,False
116,1,customs_hub_hold,6.09,54.6,OK,False
117,1,customs_hub_hold,6.01,53.9,OK,False
118,1,customs_hub_hold,6.03,56.3,OK,False
119,1,customs_hub_hold,5.87,57.7,OK,False
120,1,customs_hub_hold,6.14,52.6,OK,False
121,1,customs_hub_hold,5.8,57.6,OK,False
122,1,customs_hub_hold,6.15,54.0,OK,False
123,1,customs_hub_hold,6.07,52.1,OK,False
124,1,customs_hub_hold,5.99,53.9,OK,False
125,1,customs_hub_hold,6.08,55.9,OK,False
126,1,customs_hub_hold,6.05,54.5,OK,False
127,1,customs_hub_hold,5.85,54.7,OK,False
128,1,customs_hub_hold,6.07,52.4,OK,False
129,1,customs_hub_hold,6.09,53.2,OK,False
130,1,customs_hub_hold,5.94,54.6,OK,False
131,1,customs_hub_hold,6.11,53.7,OK,False
132,1,customs_hub_hold,5.86,52.4,OK,False
133,1,customs_hub_hold,5.83,52.5,OK,False
134,1,customs_hub_hold,5.93,53.2,OK,False
135,1,last_mile_delivery,5.18,45.3,OK,False
136,1,last_mile_delivery,5.13,50.9,OK,False
137,1,last_mile_delivery,5.13,50.6,OK,False
138,1,last_mile_delivery,5.1,48.2,OK,False
139,1,last_mile_delivery,4.82,48.1,OK,False
140,1,last_mile_delivery,4.99,46.9,OK,False
141,1,last_mile_delivery,5.06,50.1,OK,False
142,1,last_mile_delivery,4.86,50.2,OK,False
143,1,last_mile_delivery,4.82,49.1,OK,False
144,1,last_mile_delivery,4.85,46.1,OK,False
145,1,last_mile_delivery,4.84,47.3,OK,False
146,1,last_mile_delivery,4.81,46.0,OK,False
147,1,last_mile_delivery,4.95,50.4,OK,False
148,1,last_mile_delivery,4.9,48.8,OK,False
149,1,last_mile_delivery,5.15,46.8,OK,False
150,1,last_mile_delivery,5.11,49.6,OK,False
151,1,last_mile_delivery,4.85,49.0,OK,False
152,1,last_mile_delivery,5.15,48.5,OK,False
153,1,last_mile_delivery,4.89,45.3,OK,False
154,1,last_mile_delivery,4.87,47.7,OK,False
155,1,last_mile_delivery,5.02,47.0,OK,False
156,1,last_mile_delivery,4.89,46.0,OK,False
157,1,last_mile_delivery,5.06,45.9,OK,False
158,1,last_mile_delivery,4.92,48.5,OK,False
159,1,last_mile_delivery,5.1,45.8,OK,False
160,1,last_mile_delivery,5.14,47.1,OK,False
161,1,last_mile_delivery,5.05,50.3,OK,False
162,1,last_mile_delivery,5.0,50.2,OK,False
163,1,last_mile_delivery,4.96,45.7,OK,False
164,1,last_mile_delivery,4.83,45.4,OK,False
0,2,cold_storage_loading,4.18,46.9,OK,False
1,2,cold_storage_loading,4.02,45.0,OK,False
2,2,cold_storage_loading,3.92,47.3,OK,False
3,2,cold_storage_loading,4.01,46.7,OK,False
4,2,cold_storage_loading,4.1,43.3,OK,False
5,2,cold_storage_loading,4.05,47.4,OK,False
6,2,cold_storage_loading,3.94,44.4,OK,False
7,2,cold_storage_loading,3.84,47.0,OK,False
8,2,cold_storage_loading,3.8,44.6,OK,False
9,2,cold_storage_loading,4.05,46.2,OK,False
10,2,cold_storage_loading,3.9,45.4,OK,False
11,2,cold_storage_loading,3.88,44.9,OK,False
12,2,cold_storage_loading,3.86,43.9,OK,False
13,2,cold_storage_loading,3.91,43.6,OK,False
14,2,cold_storage_loading,3.8,45.2,OK,False
15,2,cold_storage_loading,4.0,47.8,OK,False
16,2,cold_storage_loading,4.01,43.6,OK,False
17,2,cold_storage_loading,3.84,44.3,OK,False
18,2,cold_storage_loading,3.89,47.2,OK,False
19,2,cold_storage_loading,3.96,42.2,OK,False
20,2,cold_storage_loading,3.98,45.9,OK,False
21,2,cold_storage_loading,4.18,44.6,OK,False
22,2,cold_storage_loading,3.96,43.2,OK,False
23,2,cold_storage_loading,3.96,45.9,OK,False
24,2,cold_storage_loading,3.93,47.6,OK,False
25,2,cold_storage_loading,3.91,42.3,OK,False
26,2,cold_storage_loading,4.07,45.1,OK,False
27,2,cold_storage_loading,4.12,44.5,OK,False
28,2,cold_storage_loading,4.16,46.4,OK,False
29,2,cold_storage_loading,3.83,45.5,OK,False
30,2,highway_transit,4.95,51.1,OK,False
31,2,highway_transit,4.86,49.5,OK,False
32,2,highway_transit,4.88,49.2,OK,False
33,2,highway_transit,4.81,52.8,OK,False
34,2,highway_transit,4.94,49.3,OK,False
35,2,highway_transit,4.86,51.5,OK,False
36,2,highway_transit,4.9,49.1,OK,False
37,2,highway_transit,4.98,49.9,OK,False
38,2,highway_transit,4.9,52.3,OK,False
39,2,highway_transit,5.18,48.3,OK,False
40,2,highway_transit,4.99,48.1,OK,False
41,2,highway_transit,4.92,52.4,OK,False
42,2,highway_transit,4.91,49.9,OK,False
43,2,highway_transit,5.14,51.3,OK,False
44,2,highway_transit,5.1,47.0,OK,False
45,2,highway_transit,5.11,49.9,OK,False
46,2,highway_transit,4.84,49.4,OK,False
47,2,highway_transit,5.08,52.0,OK,False
48,2,highway_transit,5.17,51.8,OK,False
49,2,highway_transit,4.92,47.6,OK,False
50,2,highway_transit,5.02,49.1,OK,False
51,2,highway_transit,5.18,47.0,OK,False
52,2,highway_transit,5.01,48.6,OK,False
53,2,highway_transit,4.83,47.2,OK,False
54,2,highway_transit,5.13,48.2,OK,False
55,2,highway_transit,5.08,52.4,OK,False
56,2,highway_transit,5.16,51.3,OK,False
57,2,highway_transit,5.0,52.5,OK,False
58,2,highway_transit,5.19,50.0,OK,False
59,2,highway_transit,4.95,50.2,OK,False
60,2,highway_transit,4.99,49.0,OK,False
61,2,highway_transit,5.0,51.3,OK,False
62,2,highway_transit,4.93,51.6,OK,False
63,2,highway_transit,4.93,52.3,OK,False
64,2,highway_transit,5.03,51.5,OK,False
65,2,highway_transit,5.11,51.9,OK,False
66,2,highway_transit,5.01,47.1,OK,False
67,2,highway_transit,5.01,47.2,OK,False
68,2,highway_transit,5.18,50.0,OK,False
69,2,highway_transit,5.04,49.7,OK,False
70,2,highway_transit,5.01,52.6,OK,False
71,2,highway_transit,4.83,47.6,OK,False
72,2,highway_transit,5.01,51.9,OK,False
73,2,highway_transit,5.07,50.6,OK,False
74,2,highway_transit,5.12,51.2,OK,False
75,2,highway_transit,4.88,47.9,OK,False
76,2,highway_transit,5.11,51.8,OK,False
77,2,highway_transit,5.05,51.8,OK,False
78,2,highway_transit,5.0,48.3,OK,False
79,2,highway_transit,4.96,52.5,OK,False
80,2,highway_transit,5.08,48.3,OK,False
81,2,highway_transit,5.15,52.9,OK,False
82,2,highway_transit,4.87,52.9,OK,False
83,2,highway_transit,5.0,51.3,OK,False
84,2,highway_transit,5.13,48.7,OK,False
85,2,highway_transit,5.14,49.0,OK,False
86,2,highway_transit,5.0,51.1,OK,False
87,2,highway_transit,4.86,51.8,OK,False
88,2,highway_transit,4.88,52.9,OK,False
89,2,highway_transit,4.84,48.9,OK,False
90,2,customs_hub_hold,6.12,57.5,OK,False
91,2,customs_hub_hold,6.07,54.9,OK,False
92,2,customs_hub_hold,5.84,54.5,OK,False
93,2,customs_hub_hold,6.05,56.0,OK,False
94,2,customs_hub_hold,6.06,53.3,OK,False
95,2,customs_hub_hold,6.16,56.8,OK,False
96,2,customs_hub_hold,6.15,54.8,OK,False
97,2,customs_hub_hold,6.03,56.4,OK,False
98,2,customs_hub_hold,6.07,57.7,OK,False
99,2,customs_hub_hold,6.08,55.3,OK,False
100,2,customs_hub_hold,5.82,53.1,OK,False
101,2,customs_hub_hold,5.99,52.0,OK,False
102,2,customs_hub_hold,6.16,53.9,OK,False
103,2,customs_hub_hold,6.15,55.7,OK,False
104,2,customs_hub_hold,5.94,56.9,OK,False
105,2,customs_hub_hold,5.88,55.7,OK,False
106,2,customs_hub_hold,5.98,56.3,OK,False
107,2,customs_hub_hold,5.8,56.3,OK,False
108,2,customs_hub_hold,5.85,55.5,OK,False
109,2,customs_hub_hold,6.13,55.3,OK,False
110,2,customs_hub_hold,5.87,57.1,OK,False
111,2,customs_hub_hold,5.84,52.6,OK,False
112,2,customs_hub_hold,5.89,53.7,OK,False
113,2,customs_hub_hold,6.01,53.3,OK,False
114,2,customs_hub_hold,5.93,55.7,OK,False
115,2,customs_hub_hold,5.83,56.7,OK,False
116,2,customs_hub_hold,5.98,57.2,OK,False
117,2,customs_hub_hold,5.82,55.1,OK,False
118,2,customs_hub_hold,5.86,54.6,OK,False
119,2,customs_hub_hold,5.94,57.4,OK,False
120,2,customs_hub_hold,6.01,52.5,OK,False
121,2,customs_hub_hold,5.8,57.2,OK,False
122,2,customs_hub_hold,6.1,55.3,OK,False
123,2,customs_hub_hold,5.87,52.2,OK,False
124,2,customs_hub_hold,6.11,55.8,OK,False
125,2,customs_hub_hold,5.89,53.8,OK,False
126,2,customs_hub_hold,5.83,57.0,OK,False
127,2,customs_hub_hold,5.83,57.4,OK,False
128,2,customs_hub_hold,5.94,52.1,OK,False
129,2,customs_hub_hold,5.98,54.4,OK,False
130,2,customs_hub_hold,6.01,56.5,OK,False
131,2,customs_hub_hold,6.02,55.4,OK,False
132,2,customs_hub_hold,5.92,52.1,OK,False
133,2,customs_hub_hold,6.19,52.3,OK,False
134,2,customs_hub_hold,6.06,53.7,OK,False
135,2,last_mile_delivery,5.16,50.9,OK,False
136,2,last_mile_delivery,5.06,50.1,OK,False
137,2,last_mile_delivery,5.06,49.5,OK,False
138,2,last_mile_delivery,4.93,45.4,OK,False
139,2,last_mile_delivery,5.17,45.2,OK,False
140,2,last_mile_delivery,5.18,48.8,OK,False
141,2,last_mile_delivery,4.92,48.5,OK,False
142,2,last_mile_delivery,4.92,48.7,OK,False
143,2,last_mile_delivery,4.84,47.2,OK,False
144,2,last_mile_delivery,4.83,47.2,OK,False
145,2,last_mile_delivery,4.81,48.9,OK,False
146,2,last_mile_delivery,5.15,46.3,OK,False
147,2,last_mile_delivery,5.1,49.1,OK,False
148,2,last_mile_delivery,5.0,45.9,OK,False
149,2,last_mile_delivery,5.03,47.9,OK,False
150,2,last_mile_delivery,4.95,47.5,OK,False
151,2,last_mile_delivery,4.9,46.3,OK,False
152,2,last_mile_delivery,5.1,45.3,OK,False
153,2,last_mile_delivery,4.91,45.6,OK,False
154,2,last_mile_delivery,4.87,50.4,OK,False
155,2,last_mile_delivery,5.17,49.0,OK,False
156,2,last_mile_delivery,4.91,47.0,OK,False
157,2,last_mile_delivery,4.85,46.1,OK,False
158,2,last_mile_delivery,5.04,46.0,OK,False
159,2,last_mile_delivery,4.93,46.6,OK,False
160,2,last_mile_delivery,5.08,49.2,OK,False
161,2,last_mile_delivery,4.9,48.9,OK,False
162,2,last_mile_delivery,5.13,48.7,OK,False
163,2,last_mile_delivery,5.12,46.4,OK,False
164,2,last_mile_delivery,5.19,45.8,OK,False
0,3,cold_storage_loading,4.17,43.0,OK,False
1,3,cold_storage_loading,4.13,46.5,OK,False
2,3,cold_storage_loading,4.18,46.6,OK,False
3,3,cold_storage_loading,4.08,46.4,OK,False
4,3,cold_storage_loading,3.85,43.6,OK,False
5,3,cold_storage_loading,4.14,43.4,OK,False
6,3,cold_storage_loading,3.81,45.6,OK,False
7,3,cold_storage_loading,4.19,46.5,OK,False
8,3,cold_storage_loading,3.8,42.9,OK,False
9,3,cold_storage_loading,3.81,47.6,OK,False
10,3,cold_storage_loading,3.95,44.1,OK,False
11,3,cold_storage_loading,4.05,43.0,OK,False
12,3,cold_storage_loading,3.89,45.2,OK,False
13,3,cold_storage_loading,4.13,44.4,OK,False
14,3,cold_storage_loading,4.0,46.1,OK,False
15,3,cold_storage_loading,4.1,44.7,OK,False
16,3,cold_storage_loading,4.08,46.7,OK,False
17,3,cold_storage_loading,3.86,45.1,OK,False
18,3,cold_storage_loading,3.9,46.8,OK,False
19,3,cold_storage_loading,4.04,47.6,OK,False
20,3,cold_storage_loading,4.07,44.5,OK,False
21,3,cold_storage_loading,4.17,42.9,OK,False
22,3,cold_storage_loading,3.84,43.8,OK,False
23,3,cold_storage_loading,3.97,44.5,OK,False
24,3,cold_storage_loading,3.83,43.7,OK,False
25,3,cold_storage_loading,3.93,45.1,OK,False
26,3,cold_storage_loading,4.17,47.0,OK,False
27,3,cold_storage_loading,4.01,46.1,OK,False
28,3,cold_storage_loading,4.07,45.6,OK,False
29,3,cold_storage_loading,4.08,43.9,OK,False
30,3,highway_transit,5.06,47.5,OK,False
31,3,highway_transit,5.09,48.1,OK,False
32,3,highway_transit,5.12,52.6,OK,False
33,3,highway_transit,5.18,49.7,OK,False
34,3,highway_transit,5.01,50.8,OK,False
35,3,highway_transit,5.02,48.1,OK,False
36,3,highway_transit,4.88,49.8,OK,False
37,3,highway_transit,4.87,51.0,OK,False
38,3,highway_transit,5.15,48.6,OK,False
39,3,highway_transit,4.97,48.6,OK,False
40,3,highway_transit,5.05,49.0,OK,False
41,3,highway_transit,5.18,51.4,OK,False
42,3,highway_transit,5.13,48.0,OK,False
43,3,highway_transit,4.91,47.1,OK,False
44,3,highway_transit,5.05,50.0,OK,False
45,3,highway_transit,4.83,48.7,OK,False
46,3,highway_transit,5.06,50.6,OK,False
47,3,highway_transit,4.82,48.5,OK,False
48,3,highway_transit,5.12,51.2,OK,False
49,3,highway_transit,4.98,47.2,OK,False
50,3,highway_transit,5.06,50.5,OK,False
51,3,highway_transit,5.17,49.3,OK,False
52,3,highway_transit,5.15,52.4,OK,False
53,3,highway_transit,5.01,47.3,OK,False
54,3,highway_transit,5.13,48.1,OK,False
55,3,highway_transit,4.82,48.4,OK,False
56,3,highway_transit,5.07,47.1,OK,False
57,3,highway_transit,4.83,48.9,OK,False
58,3,highway_transit,4.82,50.8,OK,False
59,3,highway_transit,5.06,48.1,OK,False
60,3,highway_transit,5.12,47.0,OK,False
61,3,highway_transit,4.9,47.1,OK,False
62,3,highway_transit,5.16,50.9,OK,False
63,3,highway_transit,5.16,48.6,OK,False
64,3,highway_transit,5.11,48.1,OK,False
65,3,highway_transit,5.03,48.0,OK,False
66,3,highway_transit,4.88,49.8,OK,False
67,3,highway_transit,4.88,49.6,OK,False
68,3,highway_transit,4.97,48.5,OK,False
69,3,highway_transit,4.96,48.4,OK,False
70,3,highway_transit,4.88,48.7,OK,False
71,3,highway_transit,5.08,47.9,OK,False
72,3,highway_transit,4.88,48.7,OK,False
73,3,highway_transit,5.04,52.4,OK,False
74,3,highway_transit,4.88,50.3,OK,False
75,3,highway_transit,5.05,51.0,OK,False
76,3,highway_transit,5.1,51.2,OK,False
77,3,highway_transit,5.14,48.2,OK,False
78,3,highway_transit,5.03,48.6,OK,False
79,3,highway_transit,5.04,48.9,OK,False
80,3,highway_transit,5.15,48.6,OK,False
81,3,highway_transit,4.96,49.5,OK,False
82,3,highway_transit,5.07,47.2,OK,False
83,3,highway_transit,4.9,47.1,OK,False
84,3,highway_transit,5.06,52.9,OK,False
85,3,highway_transit,4.84,50.0,OK,False
86,3,highway_transit,4.9,49.8,OK,False
87,3,highway_transit,4.89,50.5,OK,False
88,3,highway_transit,5.05,47.2,OK,False
89,3,highway_transit,5.06,52.5,OK,False
90,3,customs_hub_hold,6.08,56.9,OK,False
91,3,customs_hub_hold,5.84,53.7,OK,False
92,3,customs_hub_hold,6.06,55.4,OK,False
93,3,customs_hub_hold,6.01,52.0,OK,False
94,3,customs_hub_hold,6.12,53.6,OK,False
95,3,customs_hub_hold,6.14,52.5,OK,False
96,3,customs_hub_hold,6.09,53.2,OK,False
97,3,customs_hub_hold,5.98,55.6,OK,False
98,3,customs_hub_hold,6.17,54.2,OK,False
99,3,customs_hub_hold,5.95,54.3,OK,False
100,3,customs_hub_hold,6.03,53.3,OK,False
101,3,customs_hub_hold,5.85,52.0,OK,False
102,3,customs_hub_hold,6.14,54.5,OK,False
103,3,customs_hub_hold,5.96,54.2,OK,False
104,3,customs_hub_hold,6.01,56.7,OK,False
105,3,customs_hub_hold,5.92,57.2,OK,False
106,3,customs_hub_hold,5.87,52.1,OK,False
107,3,customs_hub_hold,5.8,55.1,OK,False
108,3,customs_hub_hold,5.91,57.6,OK,False
109,3,customs_hub_hold,6.06,54.3,OK,False
110,3,customs_hub_hold,5.94,53.3,OK,False
111,3,customs_hub_hold,5.99,52.9,OK,False
112,3,customs_hub_hold,5.9,54.2,OK,False
113,3,customs_hub_hold,6.08,53.6,OK,False
114,3,customs_hub_hold,6.16,57.9,OK,False
115,3,customs_hub_hold,5.81,55.7,OK,False
116,3,customs_hub_hold,5.87,53.8,OK,False
117,3,customs_hub_hold,6.03,56.3,OK,False
118,3,customs_hub_hold,6.09,52.9,OK,False
119,3,customs_hub_hold,6.01,57.1,OK,False
120,3,customs_hub_hold,5.95,52.4,OK,False
121,3,customs_hub_hold,5.8,56.1,OK,False
122,3,customs_hub_hold,6.05,56.6,OK,False
123,3,customs_hub_hold,6.07,57.6,OK,False
124,3,customs_hub_hold,5.83,57.7,OK,False
125,3,customs_hub_hold,6.1,57.7,OK,False
126,3,customs_hub_hold,6.01,52.8,OK,False
127,3,customs_hub_hold,5.81,53.4,OK,False
128,3,customs_hub_hold,6.14,57.8,OK,False
129,3,customs_hub_hold,5.8,55.6,OK,False
130,3,customs_hub_hold,6.08,52.4,OK,False
131,3,customs_hub_hold,5.86,57.1,OK,False
132,3,customs_hub_hold,5.91,57.8,OK,False
133,3,customs_hub_hold,6.15,52.8,OK,False
134,3,customs_hub_hold,6.12,54.2,OK,False
135,3,last_mile_delivery,5.14,50.5,OK,False
136,3,last_mile_delivery,4.99,49.3,OK,False
137,3,last_mile_delivery,4.92,48.4,OK,False
138,3,last_mile_delivery,5.16,48.6,OK,False
139,3,last_mile_delivery,5.12,48.3,OK,False
140,3,last_mile_delivery,4.9,50.7,OK,False
141,3,last_mile_delivery,5.11,47.6,OK,False
142,3,last_mile_delivery,4.98,47.2,OK,False
143,3,last_mile_delivery,5.19,45.3,OK,False
144,3,last_mile_delivery,4.88,47.6,OK,False
145,3,last_mile_delivery,4.85,50.5,OK,False
146,3,last_mile_delivery,5.09,46.6,OK,False
147,3,last_mile_delivery,4.85,47.8,OK,False
148,3,last_mile_delivery,5.03,49.7,OK,False
149,3,last_mile_delivery,4.98,49.7,OK,False
150,3,last_mile_delivery,5.19,45.4,OK,False
151,3,last_mile_delivery,4.95,49.6,OK,False
152,3,last_mile_delivery,4.98,48.1,OK,False
153,3,last_mile_delivery,5.0,45.9,OK,False
154,3,last_mile_delivery,4.87,47.1,OK,False
155,3,last_mile_delivery,4.99,50.3,OK,False
156,3,last_mile_delivery,5.0,48.0,OK,False
157,3,last_mile_delivery,5.04,46.3,OK,False
158,3,last_mile_delivery,5.16,49.5,OK,False
159,3,last_mile_delivery,5.16,47.4,OK,False
160,3,last_mile_delivery,4.95,50.6,OK,False
161,3,last_mile_delivery,5.15,48.2,OK,False
162,3,last_mile_delivery,4.86,47.2,OK,False
163,3,last_mile_delivery,4.81,47.1,OK,False
164,3,last_mile_delivery,5.15,46.2,OK,False
0,4,cold_storage_loading,4.16,45.1,OK,False
1,4,cold_storage_loading,3.84,42.0,OK,False
2,4,cold_storage_loading,3.97,46.6,OK,False
3,4,cold_storage_loading,4.15,45.4,OK,False
4,4,cold_storage_loading,4.0,44.6,OK,False
5,4,cold_storage_loading,3.9,46.1,OK,False
6,4,cold_storage_loading,4.08,46.8,OK,False
7,4,cold_storage_loading,3.81,46.0,OK,False
8,4,cold_storage_loading,4.13,46.5,OK,False
9,4,cold_storage_loading,3.9,43.7,OK,False
10,4,cold_storage_loading,4.0,42.8,OK,False
11,4,cold_storage_loading,3.89,47.1,OK,False
12,4,cold_storage_loading,3.85,45.8,OK,False
13,4,cold_storage_loading,3.95,44.5,OK,False
14,4,cold_storage_loading,3.8,47.7,OK,False
15,4,cold_storage_loading,3.8,47.6,OK,False
16,4,cold_storage_loading,4.15,44.5,OK,False
17,4,cold_storage_loading,3.88,45.9,OK,False
18,4,cold_storage_loading,3.91,45.7,OK,False
19,4,cold_storage_loading,4.12,47.7,OK,False
20,4,cold_storage_loading,4.09,43.8,OK,False
21,4,cold_storage_loading,4.16,47.2,OK,False
22,4,cold_storage_loading,4.12,44.4,OK,False
23,4,cold_storage_loading,4.05,43.1,OK,False
24,4,cold_storage_loading,4.06,46.5,OK,False
25,4,cold_storage_loading,3.95,42.6,OK,False
26,4,cold_storage_loading,3.87,42.2,OK,False
27,4,cold_storage_loading,3.97,47.0,OK,False
28,4,cold_storage_loading,4.05,44.8,OK,False
29,4,cold_storage_loading,3.86,42.3,OK,False
30,4,highway_transit,5.1,49.2,OK,False
31,4,highway_transit,4.85,52.0,OK,False
32,4,highway_transit,4.96,50.7,OK,False
33,4,highway_transit,5.15,51.9,OK,False
34,4,highway_transit,5.08,51.6,OK,False
35,4,highway_transit,4.85,50.0,OK,False
36,4,highway_transit,4.93,50.5,OK,False
37,4,highway_transit,5.09,52.1,OK,False
38,4,highway_transit,5.0,50.9,OK,False
39,4,highway_transit,5.16,48.9,OK,False
40,4,highway_transit,5.11,49.2,OK,False
41,4,highway_transit,5.04,51.1,OK,False
42,4,highway_transit,4.95,52.8,OK,False
43,4,highway_transit,5.01,48.9,OK,False
44,4,highway_transit,4.93,47.0,OK,False
45,4,highway_transit,4.95,52.8,OK,False
46,4,highway_transit,4.81,51.8,OK,False
47,4,highway_transit,4.89,51.0,OK,False
48,4,highway_transit,5.07,50.6,OK,False
49,4,highway_transit,5.04,47.5,OK,False
50,4,highway_transit,5.17,51.2,OK,False
51,4,highway_transit,5.16,52.3,OK,False
52,4,highway_transit,4.82,49.5,OK,False
53,4,highway_transit,5.19,47.4,OK,False
54,4,highway_transit,5.06,48.7,OK,False
55,4,highway_transit,4.89,51.1,OK,False
56,4,highway_transit,5.05,48.9,OK,False
57,4,highway_transit,5.13,51.3,OK,False
58,4,highway_transit,5.18,52.3,OK,False
59,4,highway_transit,5.1,52.7,OK,False
60,4,highway_transit,5.18,51.0,OK,False
61,4,highway_transit,4.8,48.9,OK,False
62,4,highway_transit,4.99,50.2,OK,False
63,4,highway_transit,4.99,50.9,OK,False
64,4,highway_transit,5.19,50.0,OK,False
65,4,highway_transit,4.95,50.1,OK,False
66,4,highway_transit,5.15,52.5,OK,False
67,4,highway_transit,5.15,52.7,OK,False
68,4,highway_transit,5.16,52.3,OK,False
69,4,highway_transit,4.88,52.4,OK,False
70,4,highway_transit,5.15,51.5,OK,False
71,4,highway_transit,4.86,48.2,OK,False
72,4,highway_transit,4.82,50.8,OK,False
73,4,highway_transit,4.94,47.5,OK,False
74,4,highway_transit,5.04,49.4,OK,False
75,4,highway_transit,4.89,48.1,OK,False
76,4,highway_transit,5.02,50.6,OK,False
77,4,highway_transit,4.83,49.9,OK,False
78,4,highway_transit,5.13,49.6,OK,False
79,4,highway_transit,5.12,52.0,OK,False
80,4,highway_transit,4.89,48.9,OK,False
81,4,highway_transit,5.1,52.8,OK,False
82,4,highway_transit,4.87,52.8,OK,False
83,4,highway_transit,4.8,48.9,OK,False
84,4,highway_transit,4.99,50.4,OK,False
85,4,highway_transit,5.01,51.0,OK,False
86,4,highway_transit,4.8,48.5,OK,False
87,4,highway_transit,4.92,49.9,OK,False
88,4,highway_transit,4.89,52.8,OK,False
89,4,highway_transit,4.88,50.8,OK,False
90,4,customs_hub_hold,5.97,57.0,OK,False
91,4,customs_hub_hold,5.94,57.8,OK,False
92,4,customs_hub_hold,5.81,56.3,OK,False
93,4,customs_hub_hold,5.9,54.0,OK,False
94,4,customs_hub_hold,5.85,53.9,OK,False
95,4,customs_hub_hold,6.12,54.9,OK,False
96,4,customs_hub_hold,6.1,57.6,OK,False
97,4,customs_hub_hold,5.86,54.8,OK,False
98,4,customs_hub_hold,5.87,56.7,OK,False
99,4,customs_hub_hold,5.89,52.6,OK,False
100,4,customs_hub_hold,5.84,53.5,OK,False
101,4,customs_hub_hold,6.11,52.0,OK,False
102,4,customs_hub_hold,6.12,55.1,OK,False
103,4,customs_hub_hold,6.1,52.7,OK,False
104,4,customs_hub_hold,6.01,55.8,OK,False
105,4,customs_hub_hold,5.96,52.7,OK,False
106,4,customs_hub_hold,6.09,54.6,OK,False
107,4,customs_hub_hold,5.8,53.9,OK,False
108,4,customs_hub_hold,5.9,53.0,OK,False
109,4,customs_hub_hold,6.06,52.6,OK,False
110,4,customs_hub_hold,5.94,55.5,OK,False
111,4,customs_hub_hold,5.81,53.2,OK,False
112,4,customs_hub_hold,5.91,55.4,OK,False
113,4,customs_hub_hold,5.82,53.9,OK,False
114,4,customs_hub_hold,5.99,53.4,OK,False
115,4,customs_hub_hold,5.86,54.7,OK,False
116,4,customs_hub_hold,6.09,56.4,OK,False
117,4,customs_hub_hold,5.84,57.5,OK,False
118,4,customs_hub_hold,5.92,56.5,OK,False
119,4,customs_hub_hold,6.08,56.8,OK,False
120,4,customs_hub_hold,5.82,52.3,OK,False
121,4,customs_hub_hold,5.8,55.7,OK,False
122,4,customs_hub_hold,6.0,57.9,OK,False
123,4,customs_hub_hold,5.87,57.7,OK,False
124,4,customs_hub_hold,5.95,53.6,OK,False
125,4,customs_hub_hold,5.91,55.6,OK,False
126,4,customs_hub_hold,6.19,55.3,OK,False
127,4,customs_hub_hold,5.86,56.1,OK,False
128,4,customs_hub_hold,6.01,57.5,OK,False
129,4,customs_hub_hold,6.09,56.1,OK,False
130,4,customs_hub_hold,6.15,54.3,OK,False
131,4,customs_hub_hold,6.17,52.1,OK,False
132,4,customs_hub_hold,5.97,52.2,OK,False
133,4,customs_hub_hold,6.11,52.6,OK,False
134,4,customs_hub_hold,5.85,54.7,OK,False
135,4,last_mile_delivery,5.12,50.1,OK,False
136,4,last_mile_delivery,4.92,48.5,OK,False
137,4,last_mile_delivery,4.85,47.3,OK,False
138,4,last_mile_delivery,5.06,45.8,OK,False
139,4,last_mile_delivery,5.07,45.4,OK,False
140,4,last_mile_delivery,5.09,46.6,OK,False
141,4,last_mile_delivery,4.97,46.0,OK,False
142,4,last_mile_delivery,4.97,45.7,OK,False
143,4,last_mile_delivery,4.81,48.7,OK,False
144,4,last_mile_delivery,4.86,48.7,OK,False
145,4,last_mile_delivery,4.82,46.1,OK,False
146,4,last_mile_delivery,5.03,46.9,OK,False
147,4,last_mile_delivery,4.93,46.5,OK,False
148,4,last_mile_delivery,5.13,46.8,OK,False
149,4,last_mile_delivery,4.86,50.8,OK,False
150,4,last_mile_delivery,5.03,50.0,OK,False
151,4,last_mile_delivery,5.0,46.9,OK,False
152,4,last_mile_delivery,4.93,50.9,OK,False
153,4,last_mile_delivery,5.02,46.2,OK,False
154,4,last_mile_delivery,4.94,49.8,OK,False
155,4,last_mile_delivery,5.14,46.3,OK,False
156,4,last_mile_delivery,5.02,49.0,OK,False
157,4,last_mile_delivery,4.83,46.5,OK,False
158,4,last_mile_delivery,4.81,47.0,OK,False
159,4,last_mile_delivery,4.99,48.2,OK,False
160,4,last_mile_delivery,4.89,46.7,OK,False
161,4,last_mile_delivery,5.0,46.8,OK,False
162,4,last_mile_delivery,4.99,46.4,OK,False
163,4,last_mile_delivery,4.97,47.1,OK,False
164,4,last_mile_delivery,5.18,46.6,OK,False
0,5,cold_storage_loading,4.15,47.2,OK,False
1,5,cold_storage_loading,3.88,42.8,OK,False
2,5,cold_storage_loading,3.83,45.9,OK,False
3,5,cold_storage_loading,3.82,44.4,OK,False
4,5,cold_storage_loading,4.08,44.9,OK,False
5,5,cold_storage_loading,3.99,42.1,OK,False
6,5,cold_storage_loading,3.95,47.3,OK,False
7,5,cold_storage_loading,4.16,44.8,OK,False
8,5,cold_storage_loading,4.13,44.8,OK,False
9,5,cold_storage_loading,3.99,45.8,OK,False
10,5,cold_storage_loading,4.05,46.8,OK,False
11,5,cold_storage_loading,4.06,45.2,OK,False
12,5,cold_storage_loading,3.88,47.1,OK,False
13,5,cold_storage_loading,4.17,45.3,OK,False
14,5,cold_storage_loading,4.0,42.6,OK,False
15,5,cold_storage_loading,3.9,44.5,OK,False
16,5,cold_storage_loading,3.82,47.6,OK,False
17,5,cold_storage_loading,3.9,46.7,OK,False
18,5,cold_storage_loading,3.92,45.3,OK,False
19,5,cold_storage_loading,3.8,47.1,OK,False
20,5,cold_storage_loading,4.18,42.4,OK,False
21,5,cold_storage_loading,4.15,44.8,OK,False
22,5,cold_storage_loading,4.0,45.0,OK,False
23,5,cold_storage_loading,4.06,47.7,OK,False
24,5,cold_storage_loading,3.89,42.6,OK,False
25,5,cold_storage_loading,3.97,45.4,OK,False
26,5,cold_storage_loading,3.97,44.1,OK,False
27,5,cold_storage_loading,3.93,47.9,OK,False
28,5,cold_storage_loading,3.96,44.0,OK,False
29,5,cold_storage_loading,4.04,46.7,OK,False
30,5,highway_transit,4.81,51.6,OK,False
31,5,highway_transit,5.08,50.6,OK,False
32,5,highway_transit,4.8,48.1,OK,False
33,5,highway_transit,5.12,48.8,OK,False
34,5,highway_transit,5.15,52.4,OK,False
35,5,highway_transit,5.01,52.6,OK,False
36,5,highway_transit,4.91,51.9,OK,False
37,5,highway_transit,4.98,47.2,OK,False
38,5,highway_transit,4.85,47.2,OK,False
39,5,highway_transit,4.95,49.9,OK,False
40,5,highway_transit,4.84,49.4,OK,False
41,5,highway_transit,4.83,50.1,OK,False
42,5,highway_transit,5.17,50.9,OK,False
43,5,highway_transit,5.18,50.7,OK,False
44,5,highway_transit,4.88,50.0,OK,False
45,5,highway_transit,5.14,51.6,OK,False
46,5,highway_transit,5.03,52.3,OK,False
47,5,highway_transit,5.03,47.5,OK,False
48,5,highway_transit,5.02,50.0,OK,False
49,5,highway_transit,5.1,47.8,OK,False
50,5,highway_transit,4.88,51.9,OK,False
51,5,highway_transit,5.15,48.6,OK,False
52,5,highway_transit,4.96,47.3,OK,False
53,5,highway_transit,4.97,47.5,OK,False
54,5,highway_transit,5.06,48.6,OK,False
55,5,highway_transit,5.03,47.1,OK,False
56,5,highway_transit,4.96,50.7,OK,False
57,5,highway_transit,4.96,47.7,OK,False
58,5,highway_transit,5.14,47.1,OK,False
59,5,highway_transit,4.81,51.3,OK,False
60,5,highway_transit,4.84,49.0,OK,False
61,5,highway_transit,5.1,50.7,OK,False
62,5,highway_transit,4.82,49.5,OK,False
63,5,highway_transit,4.82,47.9,OK,False
64,5,highway_transit,4.87,52.6,OK,False
65,5,highway_transit,4.87,52.2,OK,False
66,5,highway_transit,5.02,49.2,OK,False
67,5,highway_transit,5.02,49.8,OK,False
68,5,highway_transit,4.95,50.8,OK,False
69,5,highway_transit,4.8,51.1,OK,False
70,5,highway_transit,5.02,48.3,OK,False
71,5,highway_transit,5.11,48.5,OK,False
72,5,highway_transit,5.09,47.6,OK,False
73,5,highway_transit,4.84,49.3,OK,False
74,5,highway_transit,4.8,48.5,OK,False
75,5,highway_transit,5.06,51.2,OK,False
76,5,highway_transit,5.01,50.0,OK,False
77,5,highway_transit,4.92,52.3,OK,False
78,5,highway_transit,5.16,49.9,OK,False
79,5,highway_transit,4.8,48.4,OK,False
80,5,highway_transit,5.03,49.2,OK,False
81,5,highway_transit,4.91,49.4,OK,False
82,5,highway_transit,5.07,47.1,OK,False
83,5,highway_transit,5.03,50.7,OK,False
84,5,highway_transit,4.99,48.6,OK,False
85,5,highway_transit,5.18,52.0,OK,False
86,5,highway_transit,5.03,47.2,OK,False
87,5,highway_transit,4.95,48.6,OK,False
88,5,highway_transit,5.13,52.4,OK,False
89,5,highway_transit,5.1,48.4,OK,False
90,5,customs_hub_hold,5.93,56.4,OK,False
91,5,customs_hub_hold,6.11,55.9,OK,False
92,5,customs_hub_hold,6.03,57.9,OK,False
93,5,customs_hub_hold,6.19,55.3,OK,False
94,5,customs_hub_hold,5.91,54.2,OK,False
95,5,customs_hub_hold,6.1,56.6,OK,False
96,5,customs_hub_hold,6.04,56.0,OK,False
97,5,customs_hub_hold,5.81,54.0,OK,False
98,5,customs_hub_hold,5.97,53.2,OK,False
99,5,customs_hub_hold,5.83,56.9,OK,False
100,5,customs_hub_hold,6.05,53.7,OK,False
101,5,customs_hub_hold,5.97,52.0,OK,False
102,5,customs_hub_hold,6.1,55.7,OK,False
103,5,customs_hub_hold,5.91,57.9,OK,False
104,5,customs_hub_hold,6.08,55.6,OK,False
105,5,customs_hub_hold,6.0,54.2,OK,False
106,5,customs_hub_hold,5.98,56.4,OK,False
107,5,customs_hub_hold,6.13,52.7,OK,False
108,5,customs_hub_hold,5.96,54.4,OK,False
109,5,customs_hub_hold,5.99,57.6,OK,False
110,5,customs_hub_hold,5.94,57.7,OK,False
111,5,customs_hub_hold,5.96,53.5,OK,False
112,5,customs_hub_hold,5.92,55.9,OK,False
113,5,customs_hub_hold,5.89,54.2,OK,False
114,5,customs_hub_hold,5.82,55.6,OK,False
115,5,customs_hub_hold,5.84,53.7,OK,False
116,5,customs_hub_hold,5.98,53.0,OK,False
117,5,customs_hub_hold,6.05,53.4,OK,False
118,5,customs_hub_hold,6.15,54.8,OK,False
119,5,customs_hub_hold,6.15,56.5,OK,False
120,5,customs_hub_hold,6.16,52.2,OK,False
121,5,customs_hub_hold,5.8,54.6,OK,False
122,5,customs_hub_hold,5.88,53.2,OK,False
123,5,customs_hub_hold,6.07,57.8,OK,False
124,5,customs_hub_hold,6.07,55.5,OK,False
125,5,customs_hub_hold,6.19,53.5,OK,False
126,5,customs_hub_hold,5.97,57.1,OK,False
127,5,customs_hub_hold,5.84,52.1,OK,False
128,5,customs_hub_hold,5.81,57.2,OK,False
129,5,customs_hub_hold,5.91,57.3,OK,False
130,5,customs_hub_hold,5.82,56.2,OK,False
131,5,customs_hub_hold,6.01,53.8,OK,False
132,5,customs_hub_hold,5.96,57.9,OK,False
133,5,customs_hub_hold,6.07,53.1,OK,False
134,5,customs_hub_hold,5.98,55.2,OK,False
135,5,last_mile_delivery,5.1,49.7,OK,False
136,5,last_mile_delivery,5.18,47.7,OK,False
137,5,last_mile_delivery,5.11,46.9,OK,False
138,5,last_mile_delivery,4.89,49.0,OK,False
139,5,last_mile_delivery,5.02,47.8,OK,False
140,5,last_mile_delivery,4.88,48.5,OK,False
141,5,last_mile_delivery,5.16,45.1,OK,False
142,5,last_mile_delivery,5.03,50.2,OK,False
143,5,last_mile_delivery,5.16,46.8,OK,False
144,5,last_mile_delivery,4.91,49.1,OK,False
145,5,last_mile_delivery,4.86,47.7,OK,False
146,5,last_mile_delivery,4.97,47.2,OK,False
147,5,last_mile_delivery,5.08,45.2,OK,False
148,5,last_mile_delivery,4.83,49.9,OK,False
149,5,last_mile_delivery,4.81,45.9,OK,False
150,5,last_mile_delivery,4.87,47.9,OK,False
151,5,last_mile_delivery,5.05,50.2,OK,False
152,5,last_mile_delivery,4.81,47.7,OK,False
153,5,last_mile_delivery,5.11,45.8,OK,False
154,5,last_mile_delivery,4.94,46.5,OK,False
155,5,last_mile_delivery,4.96,47.6,OK,False
156,5,last_mile_delivery,5.11,50.0,OK,False
157,5,last_mile_delivery,5.09,46.7,OK,False
158,5,last_mile_delivery,4.93,50.5,OK,False
159,5,last_mile_delivery,4.82,49.0,OK,False
160,5,last_mile_delivery,4.83,48.1,OK,False
161,5,last_mile_delivery,4.85,46.1,OK,False
162,5,last_mile_delivery,5.12,50.9,OK,False
163,5,last_mile_delivery,5.06,47.8,OK,False
164,5,last_mile_delivery,5.14,47.0,OK,False
0,6,cold_storage_loading,4.14,43.3,OK,False
1,6,cold_storage_loading,3.99,44.3,OK,False
2,6,cold_storage_loading,4.09,45.2,OK,False
3,6,cold_storage_loading,3.89,44.1,OK,False
4,6,cold_storage_loading,3.83,45.2,OK,False
5,6,cold_storage_loading,4.08,44.8,OK,False
6,6,cold_storage_loading,3.82,42.5,OK,False
7,6,cold_storage_loading,4.18,44.3,OK,False
8,6,cold_storage_loading,4.13,43.1,OK,False
9,6,cold_storage_loading,4.15,47.2,OK,False
10,6,cold_storage_loading,4.03,45.5,OK,False
11,6,cold_storage_loading,3.9,43.3,OK,False
12,6,cold_storage_loading,3.91,47.7,OK,False
13,6,cold_storage_loading,3.99,46.1,OK,False
14,6,cold_storage_loading,4.13,44.2,OK,False
15,6,cold_storage_loading,4.0,47.4,OK,False
16,6,cold_storage_loading,3.89,45.4,OK,False
17,6,cold_storage_loading,3.92,47.5,OK,False
18,6,cold_storage_loading,3.93,44.9,OK,False
19,6,cold_storage_loading,3.88,47.2,OK,False
20,6,cold_storage_loading,3.87,47.0,OK,False
21,6,cold_storage_loading,4.07,43.1,OK,False
22,6,cold_storage_loading,3.88,44.9,OK,False
23,6,cold_storage_loading,4.14,46.3,OK,False
24,6,cold_storage_loading,4.19,45.4,OK,False
25,6,cold_storage_loading,4.06,42.2,OK,False
26,6,cold_storage_loading,4.07,45.3,OK,False
27,6,cold_storage_loading,3.82,43.5,OK,False
28,6,cold_storage_loading,3.94,43.2,OK,False
29,6,cold_storage_loading,3.89,45.1,OK,False
30,6,highway_transit,4.85,47.3,OK,False
31,6,highway_transit,4.91,48.5,OK,False
32,6,highway_transit,5.04,52.2,OK,False
33,6,highway_transit,5.09,51.7,OK,False
34,6,highway_transit,4.82,47.9,OK,False
35,6,highway_transit,4.84,48.5,OK,False
36,6,highway_transit,4.96,52.6,OK,False
37,6,highway_transit,4.87,48.3,OK,False
38,6,highway_transit,5.1,49.5,OK,False
39,6,highway_transit,5.14,50.2,OK,False
40,6,highway_transit,4.9,50.3,OK,False
41,6,highway_transit,5.09,49.8,OK,False
42,6,highway_transit,4.99,49.0,OK,False
43,6,highway_transit,4.95,52.5,OK,False
44,6,highway_transit,4.83,47.0,OK,False
45,6,highway_transit,4.86,49.7,OK,False
46,6,highway_transit,4.85,47.5,OK,False
47,6,highway_transit,5.17,50.0,OK,False
48,6,highway_transit,4.97,49.4,OK,False
49,6,highway_transit,5.16,47.4,OK,False
50,6,highway_transit,4.92,47.3,OK,False
51,6,highway_transit,5.14,51.6,OK,False
52,6,highway_transit,5.03,51.1,OK,False
53,6,highway_transit,4.82,52.9,OK,False
54,6,highway_transit,4.99,49.2,OK,False
55,6,highway_transit,5.17,49.8,OK,False
56,6,highway_transit,4.94,52.5,OK,False
57,6,highway_transit,4.86,50.8,OK,False
58,6,highway_transit,5.17,48.6,OK,False
59,6,highway_transit,4.85,49.2,OK,False
60,6,highway_transit,4.97,47.0,OK,False
61,6,highway_transit,5.0,52.5,OK,False
62,6,highway_transit,5.05,48.8,OK,False
63,6,highway_transit,5.05,50.2,OK,False
64,6,highway_transit,4.95,48.5,OK,False
65,6,highway_transit,5.19,49.0,OK,False
66,6,highway_transit,4.89,51.9,OK,False
67,6,highway_transit,4.89,52.2,OK,False
68,6,highway_transit,5.14,49.3,OK,False
69,6,highway_transit,5.12,49.1,OK,False
70,6,highway_transit,4.89,50.4,OK,False
71,6,highway_transit,4.89,48.8,OK,False
72,6,highway_transit,4.96,49.7,OK,False
73,6,highway_transit,4.81,51.1,OK,False
74,6,highway_transit,4.96,47.6,OK,False
75,6,highway_transit,4.9,48.3,OK,False
76,6,highway_transit,4.93,49.4,OK,False
77,6,highway_transit,5.01,48.7,OK,False
78,6,highway_transit,4.86,50.2,OK,False
79,6,highway_transit,4.88,50.8,OK,False
80,6,highway_transit,5.1,49.5,OK,False
81,6,highway_transit,5.05,52.0,OK,False
82,6,highway_transit,4.87,52.7,OK,False
83,6,highway_transit,4.93,52.5,OK,False
84,6,highway_transit,4.92,52.1,OK,False
85,6,highway_transit,4.88,47.0,OK,False
86,6,highway_transit,4.93,51.9,OK,False
87,6,highway_transit,4.98,48.0,OK,False
88,6,highway_transit,4.9,52.7,OK,False
89,6,highway_transit,4.92,52.0,OK,False
90,6,customs_hub_hold,5.89,55.8,OK,False
91,6,customs_hub_hold,5.81,54.7,OK,False
92,6,customs_hub_hold,5.85,52.8,OK,False
93,6,customs_hub_hold,6.15,57.3,OK,False
94,6,customs_hub_hold,6.04,54.5,OK,False
95,6,customs_hub_hold,6.08,53.0,OK,False
96,6,customs_hub_hold,5.98,54.4,OK,False
97,6,customs_hub_hold,6.09,53.2,OK,False
98,6,customs_hub_hold,6.07,55.7,OK,False
99,6,customs_hub_hold,6.1,55.9,OK,False
100,6,customs_hub_hold,6.19,53.9,OK,False
101,6,customs_hub_hold,5.9,52.0,OK,False
102,6,customs_hub_hold,6.08,57.0,OK,False
103,6,customs_hub_hold,6.05,56.4,OK,False
104,6,customs_hub_hold,6.15,54.7,OK,False
105,6,customs_hub_hold,6.04,55.7,OK,False
106,6,customs_hub_hold,5.87,52.2,OK,False
107,6,customs_hub_hold,6.13,52.2,OK,False
108,6,customs_hub_hold,5.95,56.5,OK,False
109,6,customs_hub_hold,5.92,55.9,OK,False
110,6,customs_hub_hold,6.01,53.9,OK,False
111,6,customs_hub_hold,6.18,53.8,OK,False
112,6,customs_hub_hold,5.93,56.4,OK,False
113,6,customs_hub_hold,5.96,54.5,OK,False
114,6,customs_hub_hold,6.12,57.1,OK,False
115,6,customs_hub_hold,5.82,52.7,OK,False
116,6,customs_hub_hold,5.87,55.6,OK,False
117,6,customs_hub_hold,5.86,54.6,OK,False
118,6,customs_hub_hold,5.98,53.1,OK,False
119,6,customs_hub_hold,5.82,56.2,OK,False
120,6,customs_hub_hold,6.03,52.1,OK,False
121,6,customs_hub_hold,5.8,54.2,OK,False
122,6,customs_hub_hold,5.83,55.2,OK,False
123,6,customs_hub_hold,5.94,57.2,OK,False
124,6,customs_hub_hold,6.19,57.4,OK,False
125,6,customs_hub_hold,6.0,56.7,OK,False
126,6,customs_hub_hold,6.15,53.6,OK,False
127,6,customs_hub_hold,5.82,54.8,OK,False
128,6,customs_hub_hold,6.08,56.9,OK,False
129,6,customs_hub_hold,5.8,52.5,OK,False
130,6,customs_hub_hold,5.96,52.1,OK,False
131,6,customs_hub_hold,5.92,55.5,OK,False
132,6,customs_hub_hold,6.02,57.6,OK,False
133,6,customs_hub_hold,6.03,52.9,OK,False
134,6,customs_hub_hold,6.04,55.7,OK,False
135,6,last_mile_delivery,5.08,49.3,OK,False
136,6,last_mile_delivery,5.11,46.9,OK,False
137,6,last_mile_delivery,5.04,45.8,OK,False
138,6,last_mile_delivery,5.12,46.2,OK,False
139,6,last_mile_delivery,5.04,50.9,OK,False
140,6,last_mile_delivery,5.0,50.4,OK,False
141,6,last_mile_delivery,5.02,49.5,OK,False
142,6,last_mile_delivery,5.09,48.7,OK,False
143,6,last_mile_delivery,5.18,50.9,OK,False
144,6,last_mile_delivery,4.89,50.2,OK,False
145,6,last_mile_delivery,4.83,49.3,OK,False
146,6,last_mile_delivery,4.91,47.5,OK,False
147,6,last_mile_delivery,4.83,49.9,OK,False
148,6,last_mile_delivery,4.86,47.7,OK,False
149,6,last_mile_delivery,5.09,47.7,OK,False
150,6,last_mile_delivery,5.11,45.8,OK,False
151,6,last_mile_delivery,5.1,47.5,OK,False
152,6,last_mile_delivery,5.16,45.2,OK,False
153,6,last_mile_delivery,5.13,46.1,OK,False
154,6,last_mile_delivery,4.94,49.2,OK,False
155,6,last_mile_delivery,5.11,49.6,OK,False
156,6,last_mile_delivery,5.13,45.0,OK,False
157,6,last_mile_delivery,4.88,46.9,OK,False
158,6,last_mile_delivery,5.05,47.3,OK,False
159,6,last_mile_delivery,5.05,49.8,OK,False
160,6,last_mile_delivery,5.1,50.2,OK,False
161,6,last_mile_delivery,5.1,50.7,OK,False
162,6,last_mile_delivery,4.85,49.4,OK,False
163,6,last_mile_delivery,4.82,48.5,OK,False
164,6,last_mile_delivery,5.1,47.4,OK,False
0,7,cold_storage_loading,4.13,45.4,OK,False
1,7,cold_storage_loading,4.1,45.8,OK,False
2,7,cold_storage_loading,3.88,44.5,OK,False
3,7,cold_storage_loading,3.96,43.1,OK,False
4,7,cold_storage_loading,3.98,46.2,OK,False
5,7,cold_storage_loading,4.17,46.8,OK,False
6,7,cold_storage_loading,4.09,43.7,OK,False
7,7,cold_storage_loading,4.13,43.8,OK,False
8,7,cold_storage_loading,4.06,46.7,OK,False
9,7,cold_storage_loading,3.84,43.3,OK,False
10,7,cold_storage_loading,4.08,44.2,OK,False
11,7,cold_storage_loading,4.07,47.4,OK,False
12,7,cold_storage_loading,3.87,43.0,OK,False
13,7,cold_storage_loading,3.81,46.2,OK,False
14,7,cold_storage_loading,3.93,45.1,OK,False
15,7,cold_storage_loading,4.1,44.3,OK,False
16,7,cold_storage_loading,3.96,42.5,OK,False
17,7,cold_storage_loading,3.94,43.0,OK,False
18,7,cold_storage_loading,4.01,43.8,OK,False
19,7,cold_storage_loading,3.96,46.6,OK,False
20,7,cold_storage_loading,3.89,46.3,OK,False
21,7,cold_storage_loading,4.06,47.4,OK,False
22,7,cold_storage_loading,4.16,45.5,OK,False
23,7,cold_storage_loading,4.15,45.6,OK,False
24,7,cold_storage_loading,4.02,47.5,OK,False
25,7,cold_storage_loading,4.08,45.0,OK,False
26,7,cold_storage_loading,4.17,47.2,OK,False
27,7,cold_storage_loading,4.18,44.4,OK,False
28,7,cold_storage_loading,3.85,47.7,OK,False
29,7,cold_storage_loading,4.07,43.5,OK,False
30,7,highway_transit,4.96,49.7,OK,False
31,7,highway_transit,5.14,47.1,OK,False
32,7,highway_transit,4.88,49.6,OK,False
33,7,highway_transit,5.13,47.9,OK,False
34,7,highway_transit,4.82,48.7,OK,False
35,7,highway_transit,5.0,50.4,OK,False
36,7,highway_transit,4.94,47.3,OK,False
37,7,highway_transit,5.16,49.4,OK,False
38,7,highway_transit,4.95,51.8,OK,False
39,7,highway_transit,4.86,50.5,OK,False
40,7,highway_transit,4.96,50.5,OK,False
41,7,highway_transit,4.95,48.8,OK,False
42,7,highway_transit,4.88,47.8,OK,False
43,7,highway_transit,5.05,48.3,OK,False
44,7,highway_transit,5.18,50.0,OK,False
45,7,highway_transit,4.98,48.5,OK,False
46,7,highway_transit,5.0,48.7,OK,False
47,7,highway_transit,4.84,52.5,OK,False
48,7,highway_transit,4.92,48.8,OK,False
49,7,highway_transit,4.82,47.7,OK,False
50,7,highway_transit,5.03,48.0,OK,False
51,7,highway_transit,5.13,48.6,OK,False
52,7,highway_transit,5.17,48.2,OK,False
53,7,highway_transit,5.0,47.0,OK,False
54,7,highway_transit,4.99,49.1,OK,False
55,7,highway_transit,4.84,51.8,OK,False
56,7,highway_transit,4.85,48.3,OK,False
57,7,highway_transit,5.16,47.2,OK,False
58,7,highway_transit,5.13,49.4,OK,False
59,7,highway_transit,4.96,47.8,OK,False
60,7,highway_transit,5.03,51.0,OK,False
61,7,highway_transit,4.9,48.3,OK,False
62,7,highway_transit,4.88,48.1,OK,False
63,7,highway_transit,4.88,52.5,OK,False
64,7,highway_transit,5.03,51.1,OK,False
65,7,highway_transit,5.11,51.1,OK,False
66,7,highway_transit,5.16,48.6,OK,False
67,7,highway_transit,4.83,49.3,OK,False
68,7,highway_transit,4.86,47.8,OK,False
69,7,highway_transit,5.04,47.8,OK,False
70,7,highway_transit,5.16,47.2,OK,False
71,7,highway_transit,5.14,49.1,OK,False
72,7,highway_transit,4.9,52.5,OK,False
73,7,highway_transit,5.11,52.9,OK,False
74,7,highway_transit,5.12,52.0,OK,False
75,7,highway_transit,5.14,51.4,OK,False
76,7,highway_transit,4.92,48.8,OK,False
77,7,highway_transit,5.17,50.4,OK,False
78,7,highway_transit,4.96,50.5,OK,False
79,7,highway_transit,4.96,47.9,OK,False
80,7,highway_transit,4.84,49.8,OK,False
81,7,highway_transit,4.86,48.6,OK,False
82,7,highway_transit,5.07,47.0,OK,False
83,7,highway_transit,4.83,48.3,OK,False
84,7,highway_transit,4.85,49.6,OK,False
85,7,highway_transit,5.05,48.0,OK,False
86,7,highway_transit,4.83,50.6,OK,False
87,7,highway_transit,5.01,52.7,OK,False
88,7,highway_transit,5.14,52.3,OK,False
89,7,highway_transit,5.14,49.6,OK,False
90,7,customs_hub_hold,6.18,55.2,OK,False
91,7,customs_hub_hold,5.98,52.8,OK,False
92,7,customs_hub_hold,6.07,53.7,OK,False
93,7,customs_hub_hold,6.04,53.3,OK,False
94,7,customs_hub_hold,6.17,54.8,OK,False
95,7,customs_hub_hold,6.06,54.7,OK,False
96,7,customs_hub_hold,5.92,52.8,OK,False
97,7,customs_hub_hold,6.04,52.4,OK,False
98,7,customs_hub_hold,6.17,52.2,OK,False
99,7,customs_hub_hold,6.04,54.2,OK,False
100,7,customs_hub_hold,6.0,54.8,OK,False
101,7,customs_hub_hold,6.16,52.0,OK,False
102,7,customs_hub_hold,5.99,57.6,OK,False
103,7,customs_hub_hold,5.86,54.9,OK,False
104,7,customs_hub_hold,6.15,54.5,OK,False
105,7,customs_hub_hold,6.08,57.2,OK,False
106,7,customs_hub_hold,6.09,54.7,OK,False
107,7,customs_hub_hold,6.13,57.0,OK,False
108,7,customs_hub_hold,6.01,57.9,OK,False
109,7,customs_hub_hold,5.92,54.9,OK,False
110,7,customs_hub_hold,6.01,56.1,OK,False
111,7,customs_hub_hold,5.93,53.4,OK,False
112,7,customs_hub_hold,6.01,56.9,OK,False
113,7,customs_hub_hold,6.1,54.8,OK,False
114,7,customs_hub_hold,5.95,53.3,OK,False
115,7,customs_hub_hold,5.87,57.7,OK,False
116,7,customs_hub_hold,6.16,52.2,OK,False
117,7,customs_hub_hold,6.07,55.8,OK,False
118,7,customs_hub_hold,6.14,56.7,OK,False
119,7,customs_hub_hold,5.89,55.9,OK,False
120,7,customs_hub_hold,5.97,52.0,OK,False
121,7,customs_hub_hold,5.8,53.1,OK,False
122,7,customs_hub_hold,6.18,56.5,OK,False
123,7,customs_hub_hold,6.14,57.3,OK,False
124,7,customs_hub_hold,5.91,53.3,OK,False
125,7,customs_hub_hold,5.81,54.6,OK,False
126,7,customs_hub_hold,5.93,55.4,OK,False
127,7,customs_hub_hold,5.8,56.8,OK,False
128,7,customs_hub_hold,5.88,56.6,OK,False
129,7,customs_hub_hold,6.02,53.0,OK,False
130,7,customs_hub_hold,6.03,54.0,OK,False
131,7,customs_hub_hold,5.83,57.2,OK,False
132,7,customs_hub_hold,6.01,57.3,OK,False
133,7,customs_hub_hold,5.99,53.4,OK,False
134,7,customs_hub_hold,6.17,56.9,OK,False
135,7,last_mile_delivery,5.06,48.9,OK,False
136,7,last_mile_delivery,5.04,46.1,OK,False
137,7,last_mile_delivery,4.9,50.7,OK,False
138,7,last_mile_delivery,5.02,49.4,OK,False
139,7,last_mile_delivery,4.99,48.0,OK,False
140,7,last_mile_delivery,5.19,46.3,OK,False
141,7,last_mile_delivery,4.81,47.9,OK,False
142,7,last_mile_delivery,5.08,47.2,OK,False
143,7,last_mile_delivery,5.13,48.3,OK,False
144,7,last_mile_delivery,4.94,50.6,OK,False
145,7,last_mile_delivery,4.87,50.9,OK,False
146,7,last_mile_delivery,4.85,48.5,OK,False
147,7,last_mile_delivery,4.91,48.6,OK,False
148,7,last_mile_delivery,4.96,50.8,OK,False
149,7,last_mile_delivery,5.04,48.8,OK,False
150,7,last_mile_delivery,4.95,50.4,OK,False
151,7,last_mile_delivery,5.08,50.8,OK,False
152,7,last_mile_delivery,5.04,48.0,OK,False
153,7,last_mile_delivery,4.82,46.4,OK,False
154,7,last_mile_delivery,5.01,45.9,OK,False
155,7,last_mile_delivery,4.93,45.6,OK,False
156,7,last_mile_delivery,5.15,46.0,OK,False
157,7,last_mile_delivery,5.07,47.1,OK,False
158,7,last_mile_delivery,5.17,50.8,OK,False
159,7,last_mile_delivery,4.88,50.6,OK,False
160,7,last_mile_delivery,5.04,45.6,OK,False
161,7,last_mile_delivery,4.95,50.0,OK,False
162,7,last_mile_delivery,4.98,48.6,OK,False
163,7,last_mile_delivery,4.91,48.5,OK,False
164,7,last_mile_delivery,5.13,47.8,OK,False
0,8,cold_storage_loading,4.12,42.2,OK,False
1,8,cold_storage_loading,3.81,47.3,OK,False
2,8,cold_storage_loading,4.14,44.5,OK,False
3,8,cold_storage_loading,4.03,42.1,OK,False
4,8,cold_storage_loading,4.13,46.5,OK,False
5,8,cold_storage_loading,3.93,43.5,OK,False
6,8,cold_storage_loading,3.96,44.9,OK,False
7,8,cold_storage_loading,4.15,43.3,OK,False
8,8,cold_storage_loading,4.06,45.0,OK,False
9,8,cold_storage_loading,3.93,45.4,OK,False
10,8,cold_storage_loading,4.13,42.9,OK,False
11,8,cold_storage_loading,3.91,45.5,OK,False
12,8,cold_storage_loading,3.9,43.6,OK,False
13,8,cold_storage_loading,4.03,47.0,OK,False
14,8,cold_storage_loading,4.13,46.7,OK,False
15,8,cold_storage_loading,3.8,47.2,OK,False
16,8,cold_storage_loading,4.03,46.3,OK,False
17,8,cold_storage_loading,3.89,43.8,OK,False
18,8,cold_storage_loading,4.02,43.4,OK,False
19,8,cold_storage_loading,4.04,46.7,OK,False
20,8,cold_storage_loading,3.98,44.9,OK,False
21,8,cold_storage_loading,4.05,45.7,OK,False
22,8,cold_storage_loading,4.04,46.1,OK,False
23,8,cold_storage_loading,3.83,44.2,OK,False
24,8,cold_storage_loading,3.92,44.3,OK,False
25,8,cold_storage_loading,4.1,42.5,OK,False
26,8,cold_storage_loading,3.87,42.4,OK,False
27,8,cold_storage_loading,4.14,46.0,OK,False
28,8,cold_storage_loading,3.83,46.9,OK,False
29,8,cold_storage_loading,3.92,47.9,OK,False
30,8,highway_transit,5.0,51.4,OK,False
31,8,highway_transit,4.9,51.0,OK,False
32,8,highway_transit,5.05,47.7,OK,False
33,8,highway_transit,5.1,50.8,OK,False
34,8,highway_transit,4.89,50.2,OK,False
35,8,highway_transit,4.83,47.0,OK,False
36,8,highway_transit,4.99,48.0,OK,False
37,8,highway_transit,4.98,50.5,OK,False
38,8,highway_transit,4.8,48.1,OK,False
39,8,highway_transit,5.05,50.8,OK,False
40,8,highway_transit,5.02,51.4,OK,False
41,8,highway_transit,4.81,48.5,OK,False
42,8,highway_transit,5.1,51.9,OK,False
43,8,highway_transit,4.82,50.1,OK,False
44,8,highway_transit,5.06,47.0,OK,False
45,8,highway_transit,5.1,52.6,OK,False
46,8,highway_transit,4.82,49.9,OK,False
47,8,highway_transit,4.98,49.0,OK,False
48,8,highway_transit,4.87,48.2,OK,False
49,8,highway_transit,4.88,47.3,OK,False
50,8,highway_transit,5.07,49.4,OK,False
51,8,highway_transit,5.12,50.9,OK,False
52,8,highway_transit,4.84,52.0,OK,False
53,8,highway_transit,5.18,47.1,OK,False
54,8,highway_transit,4.92,49.7,OK,False
55,8,highway_transit,4.98,48.5,OK,False
56,8,highway_transit,4.83,50.1,OK,False
57,8,highway_transit,4.99,49.6,OK,False
58,8,highway_transit,5.16,50.9,OK,False
59,8,highway_transit,5.0,51.7,OK,False
60,8,highway_transit,5.09,49.0,OK,False
61,8,highway_transit,4.8,50.1,OK,False
62,8,highway_transit,5.11,47.4,OK,False
63,8,highway_transit,5.11,48.8,OK,False
64,8,highway_transit,5.18,47.0,OK,False
65,8,highway_transit,5.03,47.2,OK,False
66,8,highway_transit,5.03,51.3,OK,False
67,8,highway_transit,5.1,51.7,OK,False
68,8,highway_transit,5.05,51.6,OK,False
69,8,highway_transit,4.96,51.8,OK,False
70,8,highway_transit,5.03,49.3,OK,False
71,8,highway_transit,4.92,49.4,OK,False
72,8,highway_transit,5.17,48.6,OK,False
73,8,highway_transit,5.08,48.0,OK,False
74,8,highway_transit,4.88,51.1,OK,False
75,8,highway_transit,4.91,48.5,OK,False
76,8,highway_transit,4.84,48.2,OK,False
77,8,highway_transit,4.86,52.8,OK,False
78,8,highway_transit,4.99,51.5,OK,False
79,8,highway_transit,5.04,50.3,OK,False
80,8,highway_transit,4.98,50.1,OK,False
81,8,highway_transit,5.0,51.9,OK,False
82,8,highway_transit,4.87,52.6,OK,False
83,8,highway_transit,5.13,50.1,OK,False
84,8,highway_transit,5.18,47.8,OK,False
85,8,highway_transit,5.15,49.0,OK,False
86,8,highway_transit,5.13,50.0,OK,False
87,8,highway_transit,5.04,52.1,OK,False
88,8,highway_transit,4.98,51.9,OK,False
89,8,highway_transit,4.96,47.9,OK,False
90,8,customs_hub_hold,6.14,55.3,OK,False
91,8,customs_hub_hold,6.08,56.9,OK,False
92,8,customs_hub_hold,5.82,54.6,OK,False
93,8,customs_hub_hold,6.0,55.3,OK,False
94,8,customs_hub_hold,5.83,55.1,OK,False
95,8,customs_hub_hold,6.04,57.1,OK,False
96,8,customs_hub_hold,5.93,57.2,OK,False
97,8,customs_hub_hold,5.92,57.6,OK,False
98,8,customs_hub_hold,5.87,54.7,OK,False
99,8,customs_hub_hold,5.91,53.2,OK,False
100,8,customs_hub_hold,5.81,55.0,OK,False
101,8,customs_hub_hold,6.02,52.0,OK,False
102,8,customs_hub_hold,5.97,52.2,OK,False
103,8,customs_hub_hold,6.0,53.4,OK,False
104,8,customs_hub_hold,5.82,53.6,OK,False
105,8,customs_hub_hold,6.12,52.7,OK,False
106,8,customs_hub_hold,5.98,56.5,OK,False
107,8,customs_hub_hold,6.13,55.8,OK,False
108,8,customs_hub_hold,6.0,53.3,OK,False
109,8,customs_hub_hold,5.85,53.2,OK,False
110,8,customs_hub_hold,6.08,52.3,OK,False
111,8,customs_hub_hold,6.15,53.7,OK,False
112,8,customs_hub_hold,6.02,52.1,OK,False
113,8,customs_hub_hold,6.17,55.1,OK,False
114,8,customs_hub_hold,6.18,54.8,OK,False
115,8,customs_hub_hold,5.85,56.7,OK,False
116,8,customs_hub_hold,5.98,54.8,OK,False
117,8,customs_hub_hold,5.88,57.0,OK,False
118,8,customs_hub_hold,5.97,55.0,OK,False
119,8,customs_hub_hold,5.89,55.6,OK,False
120,8,customs_hub_hold,5.84,57.9,OK,False
121,8,customs_hub_hold,5.8,52.7,OK,False
122,8,customs_hub_hold,6.13,57.8,OK,False
123,8,customs_hub_hold,5.94,57.4,OK,False
124,8,customs_hub_hold,6.03,55.2,OK,False
125,8,customs_hub_hold,6.02,52.5,OK,False
126,8,customs_hub_hold,6.11,57.9,OK,False
127,8,customs_hub_hold,5.85,53.5,OK,False
128,8,customs_hub_hold,6.15,56.3,OK,False
129,8,customs_hub_hold,5.91,54.2,OK,False
130,8,customs_hub_hold,6.1,55.9,OK,False
131,8,customs_hub_hold,6.07,52.2,OK,False
132,8,customs_hub_hold,6.07,57.7,OK,False
133,8,customs_hub_hold,5.95,53.2,OK,False
134,8,customs_hub_hold,5.83,57.4,OK,False
135,8,last_mile_delivery,5.04,49.2,OK,False
136,8,last_mile_delivery,4.97,45.3,OK,False
137,8,last_mile_delivery,4.83,49.6,OK,False
138,8,last_mile_delivery,4.85,46.6,OK,False
139,8,last_mile_delivery,4.94,45.1,OK,False
140,8,last_mile_delivery,4.98,47.5,OK,False
141,8,last_mile_delivery,5.07,47.0,OK,False
142,8,last_mile_delivery,5.14,45.7,OK,False
143,8,last_mile_delivery,5.15,46.4,OK,False
144,8,last_mile_delivery,4.92,45.7,OK,False
145,8,last_mile_delivery,4.84,46.5,OK,False
146,8,last_mile_delivery,4.86,48.8,OK,False
147,8,last_mile_delivery,5.06,47.3,OK,False
148,8,last_mile_delivery,5.06,48.6,OK,False
149,8,last_mile_delivery,4.92,50.6,OK,False
150,8,last_mile_delivery,5.19,48.3,OK,False
151,8,last_mile_delivery,5.13,48.1,OK,False
152,8,last_mile_delivery,4.99,50.8,OK,False
153,8,last_mile_delivery,4.84,46.7,OK,False
154,8,last_mile_delivery,5.01,48.6,OK,False
155,8,last_mile_delivery,5.08,46.9,OK,False
156,8,last_mile_delivery,4.84,46.3,OK,False
157,8,last_mile_delivery,4.86,47.3,OK,False
158,8,last_mile_delivery,4.82,48.3,OK,False
159,8,last_mile_delivery,5.11,45.4,OK,False
160,8,last_mile_delivery,4.98,47.7,OK,False
161,8,last_mile_delivery,4.8,48.6,OK,False
162,8,last_mile_delivery,5.11,47.1,OK,False
163,8,last_mile_delivery,5.07,49.2,OK,False
164,8,last_mile_delivery,5.09,48.2,OK,False
0,9,cold_storage_loading,4.11,44.3,OK,False
1,9,cold_storage_loading,3.85,42.8,OK,False
2,9,cold_storage_loading,4.0,43.8,OK,False
3,9,cold_storage_loading,4.1,47.8,OK,False
4,9,cold_storage_loading,3.88,46.8,OK,False
5,9,cold_storage_loading,4.02,45.5,OK,False
6,9,cold_storage_loading,3.83,45.4,OK,False
7,9,cold_storage_loading,4.1,42.8,OK,False
8,9,cold_storage_loading,4.06,43.3,OK,False
9,9,cold_storage_loading,4.09,46.8,OK,False
10,9,cold_storage_loading,4.18,47.6,OK,False
11,9,cold_storage_loading,4.08,43.6,OK,False
12,9,cold_storage_loading,3.93,44.9,OK,False
13,9,cold_storage_loading,3.85,47.8,OK,False
14,9,cold_storage_loading,3.93,47.6,OK,False
15,9,cold_storage_loading,3.9,44.1,OK,False
16,9,cold_storage_loading,4.1,43.4,OK,False
17,9,cold_storage_loading,3.91,44.6,OK,False
18,9,cold_storage_loading,4.03,43.0,OK,False
19,9,cold_storage_loading,4.12,46.1,OK,False
20,9,cold_storage_loading,4.07,43.5,OK,False
21,9,cold_storage_loading,4.04,43.3,OK,False
22,9,cold_storage_loading,3.92,46.7,OK,False
23,9,cold_storage_loading,3.84,42.8,OK,False
24,9,cold_storage_loading,4.15,46.4,OK,False
25,9,cold_storage_loading,4.12,45.3,OK,False
26,9,cold_storage_loading,3.97,44.3,OK,False
27,9,cold_storage_loading,4.03,46.9,OK,False
28,9,cold_storage_loading,4.14,46.1,OK,False
29,9,cold_storage_loading,4.1,46.3,OK,False
30,9,highway_transit,5.11,47.8,OK,False
31,9,highway_transit,5.13,49.6,OK,False
32,9,highway_transit,4.89,51.1,OK,False
33,9,highway_transit,5.07,47.7,OK,False
34,9,highway_transit,4.96,51.0,OK,False
35,9,highway_transit,4.99,48.9,OK,False
36,9,highway_transit,4.97,49.4,OK,False
37,9,highway_transit,4.87,51.6,OK,False
38,9,highway_transit,5.05,50.4,OK,False
39,9,highway_transit,4.84,51.8,OK,False
40,9,highway_transit,5.08,51.6,OK,False
41,9,highway_transit,5.07,47.5,OK,False
42,9,highway_transit,4.92,50.0,OK,False
43,9,highway_transit,4.99,52.6,OK,False
44,9,highway_transit,5.01,50.0,OK,False
45,9,highway_transit,4.82,51.4,OK,False
46,9,highway_transit,5.04,50.4,OK,False
47,9,highway_transit,5.12,51.5,OK,False
48,9,highway_transit,4.82,47.6,OK,False
49,9,highway_transit,4.94,47.6,OK,False
50,9,highway_transit,5.18,50.1,OK,False
51,9,highway_transit,5.11,47.9,OK,False
52,9,highway_transit,4.98,49.8,OK,False
53,9,highway_transit,4.96,47.2,OK,False
54,9,highway_transit,4.85,49.6,OK,False
55,9,highway_transit,5.12,50.5,OK,False
56,9,highway_transit,5.14,51.9,OK,False
57,9,highway_transit,4.89,52.0,OK,False
58,9,highway_transit,5.12,51.7,OK,False
59,9,highway_transit,5.04,50.3,OK,False
60,9,highway_transit,4.82,52.3,OK,False
61,9,highway_transit,5.1,51.9,OK,False
62,9,highway_transit,4.94,52.7,OK,False
63,9,highway_transit,4.94,51.8,OK,False
64,9,highway_transit,4.86,49.6,OK,False
65,9,highway_transit,4.95,49.3,OK,False
66,9,highway_transit,4.9,48.0,OK,False
67,9,highway_transit,4.97,48.8,OK,False
68,9,highway_transit,4.84,50.1,OK,False
69,9,highway_transit,4.88,50.5,OK,False
70,9,highway_transit,4.9,52.1,OK,False
71,9,highway_transit,5.1,49.7,OK,False
72,9,highway_transit,5.04,51.4,OK,False
73,9,highway_transit,4.98,49.8,OK,False
74,9,highway_transit,5.04,50.2,OK,False
75,9,highway_transit,5.15,51.6,OK,False
76,9,highway_transit,4.83,47.6,OK,False
77,9,highway_transit,4.95,49.2,OK,False
78,9,highway_transit,5.09,51.8,OK,False
79,9,highway_transit,5.05,52.7,OK,False
80,9,highway_transit,5.05,50.4,OK,False
81,9,highway_transit,4.81,48.5,OK,False
82,9,highway_transit,5.07,52.9,OK,False
83,9,highway_transit,4.96,52.6,OK,False
84,9,highway_transit,5.11,51.3,OK,False
85,9,highway_transit,4.92,49.3,OK,False
86,9,highway_transit,4.96,48.7,OK,False
87,9,highway_transit,5.07,50.8,OK,False
88,9,highway_transit,5.15,52.2,OK,False
89,9,highway_transit,5.18,51.5,OK,False
90,9,customs_hub_hold,6.1,54.7,OK,False
91,9,customs_hub_hold,6.18,55.7,OK,False
92,9,customs_hub_hold,6.04,55.5,OK,False
93,9,customs_hub_hold,5.89,56.6,OK,False
94,9,customs_hub_hold,5.96,55.4,OK,False
95,9,customs_hub_hold,6.02,52.8,OK,False
96,9,customs_hub_hold,5.87,55.6,OK,False
97,9,customs_hub_hold,5.8,56.8,OK,False
98,9,customs_hub_hold,5.97,57.2,OK,False
99,9,customs_hub_hold,5.85,57.5,OK,False
100,9,customs_hub_hold,6.02,55.2,OK,False
101,9,customs_hub_hold,5.88,52.0,OK,False
102,9,customs_hub_hold,5.95,52.8,OK,False
103,9,customs_hub_hold,5.81,57.9,OK,False
104,9,customs_hub_hold,5.89,52.7,OK,False
105,9,customs_hub_hold,6.16,54.2,OK,False
106,9,customs_hub_hold,10.87,52.3,BREACH,False
107,9,customs_hub_hold,11.13,54.6,BREACH,False
108,9,customs_hub_hold,10.99,55.4,BREACH,False
109,9,customs_hub_hold,11.18,52.2,BREACH,False
110,9,customs_hub_hold,11.08,54.5,BREACH,False
111,9,customs_hub_hold,10.9,54.0,BREACH,False
112,9,customs_hub_hold,11.03,52.6,BREACH,False
113,9,customs_hub_hold,10.84,55.4,BREACH,False
114,9,customs_hub_hold,11.01,57.0,BREACH,False
115,9,customs_hub_hold,5.83,55.7,OK,False
116,9,customs_hub_hold,5.87,57.4,OK,False
117,9,customs_hub_hold,6.02,52.9,OK,False
118,9,customs_hub_hold,5.8,53.3,OK,False
119,9,customs_hub_hold,5.96,55.3,OK,False
120,9,customs_hub_hold,6.11,57.8,OK,False
121,9,customs_hub_hold,5.8,57.6,OK,False
122,9,customs_hub_hold,6.08,53.1,OK,False
123,9,customs_hub_hold,6.14,56.8,OK,False
124,9,customs_hub_hold,6.15,57.1,OK,False
125,9,customs_hub_hold,5.83,56.4,OK,False
126,9,customs_hub_hold,5.89,53.7,OK,False
127,9,customs_hub_hold,5.83,55.5,OK,False
128,9,customs_hub_hold,5.95,56.0,OK,False
129,9,customs_hub_hold,5.8,55.4,OK,False
130,9,customs_hub_hold,6.17,57.8,OK,False
131,9,customs_hub_hold,5.98,53.9,OK,False
132,9,customs_hub_hold,6.06,57.4,OK,False
133,9,customs_hub_hold,5.91,53.7,OK,False
134,9,customs_hub_hold,5.96,57.9,OK,False
135,9,last_mile_delivery,5.02,48.8,OK,False
136,9,last_mile_delivery,4.83,50.5,OK,False
137,9,last_mile_delivery,5.16,49.2,OK,False
138,9,last_mile_delivery,5.08,49.8,OK,False
139,9,last_mile_delivery,4.89,47.5,OK,False
140,9,last_mile_delivery,5.1,49.4,OK,False
141,9,last_mile_delivery,4.86,45.4,OK,False
142,9,last_mile_delivery,4.8,50.2,OK,False
143,9,last_mile_delivery,5.17,50.5,OK,False
144,9,last_mile_delivery,4.97,46.1,OK,False
145,9,last_mile_delivery,4.88,48.8,OK,False
146,9,last_mile_delivery,4.8,49.1,OK,False
147,9,last_mile_delivery,4.81,46.0,OK,False
148,9,last_mile_delivery,5.09,45.7,OK,False
149,9,last_mile_delivery,4.8,45.7,OK,False
150,9,last_mile_delivery,5.1,46.2,OK,False
151,9,last_mile_delivery,5.18,45.4,OK,False
152,9,last_mile_delivery,4.87,47.6,OK,False
153,9,last_mile_delivery,4.93,47.0,OK,False
154,9,last_mile_delivery,5.01,45.3,OK,False
155,9,last_mile_delivery,4.83,48.9,OK,False
156,9,last_mile_delivery,4.86,47.3,OK,False
157,9,last_mile_delivery,5.12,47.5,OK,False
158,9,last_mile_delivery,4.94,45.8,OK,False
159,9,last_mile_delivery,5.01,45.5,OK,False
160,9,last_mile_delivery,4.85,49.1,OK,False
161,9,last_mile_delivery,5.05,47.9,OK,False
162,9,last_mile_delivery,4.84,45.6,OK,False
163,9,last_mile_delivery,5.16,49.9,OK,False
164,9,last_mile_delivery,5.05,48.6,OK,False
0,10,cold_storage_loading,4.1,46.4,OK,False
1,10,cold_storage_loading,3.96,43.6,OK,False
2,10,cold_storage_loading,4.19,43.1,OK,False
3,10,cold_storage_loading,3.84,46.8,OK,False
4,10,cold_storage_loading,3.96,47.8,OK,False
5,10,cold_storage_loading,4.11,42.2,OK,False
6,10,cold_storage_loading,4.1,46.6,OK,False
7,10,cold_storage_loading,4.12,47.6,OK,False
8,10,cold_storage_loading,3.99,47.6,OK,False
9,10,cold_storage_loading,4.18,42.9,OK,False
10,10,cold_storage_loading,3.83,45.6,OK,False
11,10,cold_storage_loading,3.92,47.7,OK,False
12,10,cold_storage_loading,3.89,45.5,OK,False
13,10,cold_storage_loading,4.07,42.6,OK,False
14,10,cold_storage_loading,4.13,43.2,OK,False
15,10,cold_storage_loading,4.0,47.0,OK,False
16,10,cold_storage_loading,3.84,47.2,OK,False
17,10,cold_storage_loading,3.93,45.4,OK,False
18,10,cold_storage_loading,4.04,47.9,OK,False
19,10,cold_storage_loading,3.8,46.2,OK,False
20,10,cold_storage_loading,4.16,42.8,OK,False
21,10,cold_storage_loading,4.03,47.6,OK,False
22,10,cold_storage_loading,3.8,47.3,OK,False
23,10,cold_storage_loading,3.92,47.4,OK,False
24,10,cold_storage_loading,3.98,43.2,OK,False
25,10,cold_storage_loading,4.14,42.1,OK,False
26,10,cold_storage_loading,4.07,45.5,OK,False
27,10,cold_storage_loading,3.99,47.8,OK,False
28,10,cold_storage_loading,4.12,45.3,OK,False
29,10,cold_storage_loading,3.88,44.7,OK,False
30,10,highway_transit,5.15,49.5,OK,False
31,10,highway_transit,4.96,47.5,OK,False
32,10,highway_transit,5.13,49.2,OK,False
33,10,highway_transit,5.04,49.9,OK,False
34,10,highway_transit,5.03,51.8,OK,False
35,10,highway_transit,4.82,51.5,OK,False
36,10,highway_transit,5.02,50.1,OK,False
37,10,highway_transit,5.16,52.7,OK,False
38,10,highway_transit,4.9,52.7,OK,False
39,10,highway_transit,5.03,52.1,OK,False
40,10,highway_transit,4.81,51.8,OK,False
41,10,highway_transit,4.86,47.2,OK,False
42,10,highway_transit,5.14,48.8,OK,False
43,10,highway_transit,5.09,48.4,OK,False
44,10,highway_transit,4.96,47.0,OK,False
45,10,highway_transit,5.01,49.5,OK,False
46,10,highway_transit,5.19,51.6,OK,False
47,10,highway_transit,5.19,48.0,OK,False
48,10,highway_transit,5.17,47.0,OK,False
49,10,highway_transit,5.0,47.9,OK,False
50,10,highway_transit,4.89,50.8,OK,False
51,10,highway_transit,5.1,50.2,OK,False
52,10,highway_transit,5.05,52.9,OK,False
53,10,highway_transit,5.14,47.3,OK,False
54,10,highway_transit,4.85,50.2,OK,False
55,10,highway_transit,5.19,47.2,OK,False
56,10,highway_transit,5.12,47.7,OK,False
57,10,highway_transit,5.12,48.4,OK,False
58,10,highway_transit,5.08,47.2,OK,False
59,10,highway_transit,5.15,48.9,OK,False
60,10,highway_transit,4.88,50.3,OK,False
61,10,highway_transit,5.0,47.7,OK,False
62,10,highway_transit,5.17,52.0,OK,False
63,10,highway_transit,5.17,48.1,OK,False
64,10,highway_transit,4.94,51.5,OK,False
65,10,highway_transit,4.87,51.4,OK,False
66,10,highway_transit,5.17,50.7,OK,False
67,10,highway_transit,4.84,51.9,OK,False
68,10,highway_transit,5.03,48.6,OK,False
69,10,highway_transit,4.8,48.5,OK,False
70,10,highway_transit,5.17,48.9,OK,False
71,10,highway_transit,4.95,50.0,OK,False
72,10,highway_transit,4.98,47.5,OK,False
73,10,highway_transit,4.88,51.6,OK,False
74,10,highway_transit,4.8,49.3,OK,False
75,10,highway_transit,4.92,48.7,OK,False
76,10,highway_transit,5.15,47.0,OK,False
77,10,highway_transit,5.04,50.9,OK,False
78,10,highway_transit,5.12,52.1,OK,False
79,10,highway_transit,5.13,49.1,OK,False
80,10,highway_transit,5.19,50.7,OK,False
81,10,highway_transit,4.95,51.1,OK,False
82,10,highway_transit,4.87,52.5,OK,False
83,10,highway_transit,4.86,48.4,OK,False
84,10,highway_transit,5.11,49.5,OK,False
85,10,highway_transit,5.09,50.3,OK,False
86,10,highway_transit,4.86,47.4,OK,False
87,10,highway_transit,5.1,50.2,OK,False
88,10,highway_transit,4.99,51.8,OK,False
89,10,highway_transit,5.0,49.1,OK,False
90,10,customs_hub_hold,5.99,54.1,OK,False
91,10,customs_hub_hold,5.95,53.8,OK,False
92,10,customs_hub_hold,5.86,57.1,OK,False
93,10,customs_hub_hold,6.18,52.6,OK,False
94,10,customs_hub_hold,6.02,55.7,OK,False
95,10,customs_hub_hold,6.0,55.2,OK,False
96,10,customs_hub_hold,5.81,54.0,OK,False
97,10,customs_hub_hold,6.15,56.0,OK,False
98,10,customs_hub_hold,6.07,53.7,OK,False
99,10,customs_hub_hold,6.19,55.8,OK,False
100,10,customs_hub_hold,5.83,55.4,OK,False
101,10,customs_hub_hold,6.14,52.0,OK,False
102,10,customs_hub_hold,5.93,53.4,OK,False
103,10,customs_hub_hold,5.95,57.1,OK,False
104,10,customs_hub_hold,5.96,52.5,OK,False
105,10,customs_hub_hold,5.8,55.7,OK,False
106,10,customs_hub_hold,11.09,54.8,BREACH,False
107,10,customs_hub_hold,11.06,53.4,BREACH,False
108,10,customs_hub_hold,11.05,56.8,BREACH,False
109,10,customs_hub_hold,11.18,56.5,BREACH,False
110,10,customs_hub_hold,11.08,56.7,BREACH,False
111,10,customs_hub_hold,11.12,54.3,BREACH,False
112,10,customs_hub_hold,11.04,53.1,BREACH,False
113,10,customs_hub_hold,10.98,56.4,BREACH,False
114,10,customs_hub_hold,10.84,52.5,BREACH,False
115,10,customs_hub_hold,5.88,54.7,OK,False
116,10,customs_hub_hold,6.16,53.3,OK,False
117,10,customs_hub_hold,5.83,54.1,OK,False
118,10,customs_hub_hold,6.03,56.9,OK,False
119,10,customs_hub_hold,6.03,55.0,OK,False
120,10,customs_hub_hold,6.05,57.7,OK,False
121,10,customs_hub_hold,5.8,57.2,OK,False
122,10,customs_hub_hold,5.96,54.4,OK,False
123,10,customs_hub_hold,5.94,56.9,OK,False
124,10,customs_hub_hold,5.87,53.0,OK,False
125,10,customs_hub_hold,6.11,54.3,OK,False
126,10,customs_hub_hold,6.07,56.2,OK,False
127,10,customs_hub_hold,5.81,52.2,OK,False
128,10,customs_hub_hold,5.82,55.7,OK,False
129,10,customs_hub_hold,6.02,56.6,OK,False
130,10,customs_hub_hold,5.84,53.7,OK,False
131,10,customs_hub_hold,5.82,55.6,OK,False
132,10,customs_hub_hold,6.12,57.1,OK,False
133,10,customs_hub_hold,5.87,53.5,OK,False
134,10,customs_hub_hold,6.09,52.4,OK,False
135,10,last_mile_delivery,5.0,48.4,OK,False
136,10,last_mile_delivery,5.16,49.7,OK,False
137,10,last_mile_delivery,5.02,48.1,OK,False
138,10,last_mile_delivery,4.98,47.0,OK,False
139,10,last_mile_delivery,4.84,50.6,OK,False
140,10,last_mile_delivery,4.89,45.3,OK,False
141,10,last_mile_delivery,5.12,50.5,OK,False
142,10,last_mile_delivery,5.19,48.7,OK,False
143,10,last_mile_delivery,5.12,47.9,OK,False
144,10,last_mile_delivery,4.95,47.2,OK,False
145,10,last_mile_delivery,4.85,50.4,OK,False
146,10,last_mile_delivery,5.14,49.4,OK,False
147,10,last_mile_delivery,4.89,45.4,OK,False
148,10,last_mile_delivery,5.19,48.8,OK,False
149,10,last_mile_delivery,5.15,46.8,OK,False
150,10,last_mile_delivery,4.94,50.8,OK,False
151,10,last_mile_delivery,4.83,49.4,OK,False
152,10,last_mile_delivery,4.82,50.4,OK,False
153,10,last_mile_delivery,4.95,46.6,OK,False
154,10,last_mile_delivery,5.08,48.0,OK,False
155,10,last_mile_delivery,5.05,50.2,OK,False
156,10,last_mile_delivery,4.95,48.3,OK,False
157,10,last_mile_delivery,4.91,48.4,OK,False
158,10,last_mile_delivery,5.06,49.3,OK,False
159,10,last_mile_delivery,4.84,46.3,OK,False
160,10,last_mile_delivery,5.19,45.2,OK,False
161,10,last_mile_delivery,4.9,46.5,OK,False
162,10,last_mile_delivery,4.97,50.8,OK,False
163,10,last_mile_delivery,4.92,49.9,OK,False
164,10,last_mile_delivery,5.08,49.0,OK,False
0,11,cold_storage_loading,4.09,42.5,OK,False
1,11,cold_storage_loading,4.07,45.1,OK,False
2,11,cold_storage_loading,4.05,42.4,OK,False
3,11,cold_storage_loading,3.91,45.8,OK,False
4,11,cold_storage_loading,4.11,42.1,OK,False
5,11,cold_storage_loading,3.8,44.2,OK,False
6,11,cold_storage_loading,3.97,47.8,OK,False
7,11,cold_storage_loading,4.07,47.1,OK,False
8,11,cold_storage_loading,3.99,45.2,OK,False
9,11,cold_storage_loading,3.94,44.3,OK,False
10,11,cold_storage_loading,3.88,44.3,OK,False
11,11,cold_storage_loading,4.09,45.8,OK,False
12,11,cold_storage_loading,3.92,46.8,OK,False
13,11,cold_storage_loading,3.89,42.7,OK,False
14,11,cold_storage_loading,3.86,44.1,OK,False
15,11,cold_storage_loading,4.03,43.9,OK,False
16,11,cold_storage_loading,3.91,44.3,OK,False
17,11,cold_storage_loading,3.95,46.2,OK,False
18,11,cold_storage_loading,4.05,47.5,OK,False
19,11,cold_storage_loading,3.88,45.6,OK,False
20,11,cold_storage_loading,4.18,47.4,OK,False
21,11,cold_storage_loading,3.95,45.9,OK,False
22,11,cold_storage_loading,4.08,47.9,OK,False
23,11,cold_storage_loading,3.93,46.0,OK,False
24,11,cold_storage_loading,3.88,45.3,OK,False
25,11,cold_storage_loading,3.83,44.9,OK,False
26,11,cold_storage_loading,3.84,46.7,OK,False
27,11,cold_storage_loading,3.95,43.4,OK,False
28,11,cold_storage_loading,4.03,44.5,OK,False
29,11,cold_storage_loading,4.13,43.1,OK,False
30,11,highway_transit,4.86,51.2,OK,False
31,11,highway_transit,5.12,51.4,OK,False
32,11,highway_transit,4.97,47.3,OK,False
33,11,highway_transit,5.01,52.8,OK,False
34,11,highway_transit,5.1,47.3,OK,False
35,11,highway_transit,5.05,47.4,OK,False
36,11,highway_transit,5.0,50.8,OK,False
37,11,highway_transit,5.05,47.8,OK,False
38,11,highway_transit,5.15,49.0,OK,False
39,11,highway_transit,4.82,52.4,OK,False
40,11,highway_transit,4.87,52.7,OK,False
41,11,highway_transit,5.12,52.2,OK,False
42,11,highway_transit,4.96,52.9,OK,False
43,11,highway_transit,4.86,50.2,OK,False
44,11,highway_transit,4.84,50.0,OK,False
45,11,highway_transit,5.13,47.6,OK,False
46,11,highway_transit,5.01,52.8,OK,False
47,11,highway_transit,4.93,50.5,OK,False
48,11,highway_transit,5.12,51.7,OK,False
49,11,highway_transit,5.06,47.5,OK,False
50,11,highway_transit,4.93,52.2,OK,False
51,11,highway_transit,5.09,47.2,OK,False
52,11,highway_transit,5.19,50.7,OK,False
53,11,highway_transit,4.99,52.7,OK,False
54,11,highway_transit,5.18,50.1,OK,False
55,11,highway_transit,4.93,49.2,OK,False
56,11,highway_transit,5.03,49.5,OK,False
57,11,highway_transit,5.02,51.5,OK,False
58,11,highway_transit,5.11,48.7,OK,False
59,11,highway_transit,5.19,52.8,OK,False
60,11,highway_transit,4.94,48.3,OK,False
61,11,highway_transit,4.9,49.5,OK,False
62,11,highway_transit,5.0,51.3,OK,False
63,11,highway_transit,5.0,50.4,OK,False
64,11,highway_transit,5.02,47.4,OK,False
65,11,highway_transit,4.86,48.2,OK,False
66,11,highway_transit,5.04,47.4,OK,False
67,11,highway_transit,5.11,48.3,OK,False
68,11,highway_transit,4.82,47.1,OK,False
69,11,highway_transit,5.12,47.2,OK,False
70,11,highway_transit,5.04,51.0,OK,False
71,11,highway_transit,5.13,50.3,OK,False
72,11,highway_transit,4.85,50.3,OK,False
73,11,highway_transit,4.85,47.4,OK,False
74,11,highway_transit,4.89,48.4,OK,False
75,11,highway_transit,5.16,51.8,OK,False
76,11,highway_transit,5.14,52.4,OK,False
77,11,highway_transit,5.13,47.3,OK,False
78,11,highway_transit,4.82,47.1,OK,False
79,11,highway_transit,4.81,52.2,OK,False
80,11,highway_transit,4.86,51.0,OK,False
81,11,highway_transit,5.16,47.7,OK,False
82,11,highway_transit,5.07,52.8,OK,False
83,11,highway_transit,5.16,50.2,OK,False
84,11,highway_transit,5.04,47.0,OK,False
85,11,highway_transit,5.19,51.3,OK,False
86,11,highway_transit,5.16,52.1,OK,False
87,11,highway_transit,5.13,48.9,OK,False
88,11,highway_transit,4.83,51.4,OK,False
89,11,highway_transit,4.82,52.7,OK,False
90,11,customs_hub_hold,5.95,54.2,OK,False
91,11,customs_hub_hold,6.05,57.9,OK,False
92,11,customs_hub_hold,6.08,52.0,OK,False
93,11,customs_hub_hold,6.14,54.6,OK,False
94,11,customs_hub_hold,6.15,56.0,OK,False
95,11,customs_hub_hold,5.98,56.9,OK,False
96,11,customs_hub_hold,5.82,52.4,OK,False
97,11,customs_hub_hold,6.03,55.2,OK,False
98,11,customs_hub_hold,6.17,56.2,OK,False
99,11,customs_hub_hold,6.06,54.8,OK,False
100,11,customs_hub_hold,6.04,55.6,OK,False
101,11,customs_hub_hold,6.07,52.0,OK,False
102,11,customs_hub_hold,5.91,54.7,OK,False
103,11,customs_hub_hold,6.16,55.6,OK,False
104,11,customs_hub_hold,5.96,57.6,OK,False
105,11,customs_hub_hold,5.84,57.2,OK,False
106,11,customs_hub_hold,10.98,56.6,BREACH,False
107,11,customs_hub_hold,11.06,52.9,BREACH,False
108,11,customs_hub_hold,11.04,52.2,BREACH,False
109,11,customs_hub_hold,11.11,55.5,BREACH,False
110,11,customs_hub_hold,11.15,53.6,BREACH,False
111,11,customs_hub_hold,10.87,54.6,BREACH,False
112,11,customs_hub_hold,11.05,54.3,BREACH,False
113,11,customs_hub_hold,11.05,56.7,BREACH,False
114,11,customs_hub_hold,11.14,54.7,BREACH,False
115,11,customs_hub_hold,5.86,53.7,OK,False
116,11,customs_hub_hold,6.05,55.9,OK,False
117,11,customs_hub_hold,6.04,55.3,OK,False
118,11,customs_hub_hold,5.86,55.2,OK,False
119,11,customs_hub_hold,6.1,54.0,OK,False
120,11,customs_hub_hold,5.92,57.6,OK,False
121,11,customs_hub_hold,5.8,56.1,OK,False
122,11,customs_hub_hold,5.91,56.4,OK,False
123,11,customs_hub_hold,6.14,56.3,OK,False
124,11,customs_hub_hold,5.99,54.9,OK,False
125,11,customs_hub_hold,5.92,52.2,OK,False
126,11,customs_hub_hold,5.85,52.7,OK,False
127,11,customs_hub_hold,6.19,54.2,OK,False
128,11,customs_hub_hold,6.02,55.4,OK,False
129,11,customs_hub_hold,5.91,57.1,OK,False
130,11,customs_hub_hold,5.91,55.6,OK,False
131,11,customs_hub_hold,6.13,56.6,OK,False
132,11,customs_hub_hold,6.11,56.8,OK,False
133,11,customs_hub_hold,5.83,54.0,OK,False
134,11,customs_hub_hold,6.15,52.9,OK,False
135,11,last_mile_delivery,4.98,48.0,OK,False
136,11,last_mile_delivery,5.09,48.9,OK,False
137,11,last_mile_delivery,4.95,47.0,OK,False
138,11,last_mile_delivery,4.81,50.2,OK,False
139,11,last_mile_delivery,5.19,47.7,OK,False
140,11,last_mile_delivery,5.08,47.2,OK,False
141,11,last_mile_delivery,4.91,48.9,OK,False
142,11,last_mile_delivery,4.85,47.2,OK,False
143,11,last_mile_delivery,5.14,46.0,OK,False
144,11,last_mile_delivery,4.93,47.6,OK,False
145,11,last_mile_delivery,4.89,46.0,OK,False
146,11,last_mile_delivery,5.08,49.7,OK,False
147,11,last_mile_delivery,5.04,50.1,OK,False
148,11,last_mile_delivery,4.89,46.6,OK,False
149,11,last_mile_delivery,5.03,48.6,OK,False
150,11,last_mile_delivery,5.18,48.7,OK,False
151,11,last_mile_delivery,4.88,46.7,OK,False
152,11,last_mile_delivery,5.1,47.9,OK,False
153,11,last_mile_delivery,5.04,46.9,OK,False
154,11,last_mile_delivery,5.08,50.7,OK,False
155,11,last_mile_delivery,4.8,46.2,OK,False
156,11,last_mile_delivery,4.97,49.3,OK,False
157,11,last_mile_delivery,5.1,48.6,OK,False
158,11,last_mile_delivery,5.18,46.8,OK,False
159,11,last_mile_delivery,5.07,47.1,OK,False
160,11,last_mile_delivery,5.13,46.6,OK,False
161,11,last_mile_delivery,5.15,45.8,OK,False
162,11,last_mile_delivery,5.1,49.3,OK,False
163,11,last_mile_delivery,5.01,50.6,OK,False
164,11,last_mile_delivery,5.04,49.4,OK,False
0,12,cold_storage_loading,4.08,44.6,OK,False
1,12,cold_storage_loading,4.18,46.6,OK,False
2,12,cold_storage_loading,3.91,42.4,OK,False
3,12,cold_storage_loading,3.98,45.5,OK,False
4,12,cold_storage_loading,3.86,42.4,OK,False
5,12,cold_storage_loading,3.96,46.9,OK,False
6,12,cold_storage_loading,3.84,43.0,OK,False
7,12,cold_storage_loading,4.09,46.6,OK,False
8,12,cold_storage_loading,3.99,43.5,OK,False
9,12,cold_storage_loading,4.03,46.4,OK,False
10,12,cold_storage_loading,3.86,43.0,OK,False
11,12,cold_storage_loading,3.93,43.9,OK,False
12,12,cold_storage_loading,3.95,47.4,OK,False
13,12,cold_storage_loading,4.11,43.5,OK,False
14,12,cold_storage_loading,4.06,45.7,OK,False
15,12,cold_storage_loading,4.13,46.8,OK,False
16,12,cold_storage_loading,3.98,42.1,OK,False
17,12,cold_storage_loading,3.97,47.0,OK,False
18,12,cold_storage_loading,4.06,47.1,OK,False
19,12,cold_storage_loading,3.96,45.7,OK,False
20,12,cold_storage_loading,3.87,46.0,OK,False
21,12,cold_storage_loading,3.94,44.2,OK,False
22,12,cold_storage_loading,3.96,47.8,OK,False
23,12,cold_storage_loading,4.01,44.6,OK,False
24,12,cold_storage_loading,4.11,42.1,OK,False
25,12,cold_storage_loading,3.85,42.4,OK,False
26,12,cold_storage_loading,3.94,42.6,OK,False
27,12,cold_storage_loading,3.84,44.3,OK,False
28,12,cold_storage_loading,4.01,43.7,OK,False
29,12,cold_storage_loading,3.91,47.5,OK,False
30,12,highway_transit,4.9,47.6,OK,False
31,12,highway_transit,4.95,50.0,OK,False
32,12,highway_transit,4.81,50.7,OK,False
33,12,highway_transit,4.98,49.7,OK,False
34,12,highway_transit,5.17,48.1,OK,False
35,12,highway_transit,4.81,49.3,OK,False
36,12,highway_transit,5.05,51.5,OK,False
37,12,highway_transit,4.87,48.9,OK,False
38,12,highway_transit,4.93,51.3,OK,False
39,12,highway_transit,5.01,52.7,OK,False
40,12,highway_transit,4.93,52.9,OK,False
41,12,highway_transit,4.98,51.9,OK,False
42,12,highway_transit,5.18,51.0,OK,False
43,12,highway_transit,5.03,52.0,OK,False
44,12,highway_transit,5.19,47.0,OK,False
45,12,highway_transit,4.85,52.4,OK,False
46,12,highway_transit,4.83,48.0,OK,False
47,12,highway_transit,5.07,47.0,OK,False
48,12,highway_transit,5.07,51.1,OK,False
49,12,highway_transit,5.12,47.8,OK,False
50,12,highway_transit,5.04,52.9,OK,False
51,12,highway_transit,5.08,49.5,OK,False
52,12,highway_transit,4.86,48.5,OK,False
53,12,highway_transit,5.17,52.8,OK,False
54,12,highway_transit,5.18,50.7,OK,False
55,12,highway_transit,5.07,51.9,OK,False
56,12,highway_transit,5.01,52.0,OK,False
57,12,highway_transit,4.85,47.9,OK,False
58,12,highway_transit,5.07,49.5,OK,False
59,12,highway_transit,4.9,51.4,OK,False
60,12,highway_transit,5.07,52.3,OK,False
61,12,highway_transit,4.8,52.0,OK,False
62,12,highway_transit,4.83,50.6,OK,False
63,12,highway_transit,4.83,52.7,OK,False
64,12,highway_transit,5.1,50.0,OK,False
65,12,highway_transit,5.18,50.3,OK,False
66,12,highway_transit,4.91,50.1,OK,False
67,12,highway_transit,4.98,51.4,OK,False
68,12,highway_transit,5.01,50.9,OK,False
69,12,highway_transit,5.04,51.2,OK,False
70,12,highway_transit,4.91,47.8,OK,False
71,12,highway_transit,4.98,50.6,OK,False
72,12,highway_transit,5.12,52.4,OK,False
73,12,highway_transit,5.15,48.5,OK,False
74,12,highway_transit,5.05,47.5,OK,False
75,12,highway_transit,5.0,48.9,OK,False
76,12,highway_transit,5.06,51.8,OK,False
77,12,highway_transit,4.82,49.7,OK,False
78,12,highway_transit,4.92,47.4,OK,False
79,12,highway_transit,4.89,48.6,OK,False
80,12,highway_transit,5.0,51.3,OK,False
81,12,highway_transit,4.9,51.0,OK,False
82,12,highway_transit,4.87,52.4,OK,False
83,12,highway_transit,5.06,52.0,OK,False
84,12,highway_transit,4.97,50.5,OK,False
85,12,highway_transit,4.96,52.3,OK,False
86,12,highway_transit,5.06,50.8,OK,False
87,12,highway_transit,5.16,48.3,OK,False
88,12,highway_transit,5.0,51.7,OK,False
89,12,highway_transit,5.04,51.0,OK,False
90,12,customs_hub_hold,5.91,53.6,OK,False
91,12,customs_hub_hold,5.82,56.7,OK,False
92,12,customs_hub_hold,5.83,52.9,OK,False
93,12,customs_hub_hold,6.03,56.6,OK,False
94,12,customs_hub_hold,5.81,56.3,OK,False
95,12,customs_hub_hold,5.96,53.3,OK,False
96,12,customs_hub_hold,6.16,56.8,OK,False
97,12,customs_hub_hold,5.98,54.4,OK,False
98,12,customs_hub_hold,5.87,52.7,OK,False
99,12,customs_hub_hold,6.0,53.1,OK,False
100,12,customs_hub_hold,6.18,55.8,OK,False
101,12,customs_hub_hold,5.93,52.0,OK,False
102,12,customs_hub_hold,5.89,55.3,OK,False
103,12,customs_hub_hold,5.9,54.1,OK,False
104,12,customs_hub_hold,6.03,57.4,OK,False
105,12,customs_hub_hold,5.88,52.7,OK,False
106,12,customs_hub_hold,10.87,52.4,BREACH,False
107,12,customs_hub_hold,11.06,57.7,BREACH,False
108,12,customs_hub_hold,11.1,54.3,BREACH,False
109,12,customs_hub_hold,11.04,53.8,BREACH,False
110,12,customs_hub_hold,11.15,55.8,BREACH,False
111,12,customs_hub_hold,11.09,54.9,BREACH,False
112,12,customs_hub_hold,11.06,54.8,BREACH,False
113,12,customs_hub_hold,11.12,57.0,BREACH,False
114,12,customs_hub_hold,10.97,56.2,BREACH,False
115,12,customs_hub_hold,5.84,52.7,OK,False
116,12,customs_hub_hold,5.87,52.5,OK,False
117,12,customs_hub_hold,5.85,56.5,OK,False
118,12,customs_hub_hold,6.09,53.5,OK,False
119,12,customs_hub_hold,6.17,53.7,OK,False
120,12,customs_hub_hold,5.86,52.2,OK,False
121,12,customs_hub_hold,6.13,55.7,OK,False
122,12,customs_hub_hold,5.86,57.7,OK,False
123,12,customs_hub_hold,6.01,56.4,OK,False
124,12,customs_hub_hold,6.11,56.8,OK,False
125,12,customs_hub_hold,6.13,55.4,OK,False
126,12,customs_hub_hold,6.03,54.5,OK,False
127,12,customs_hub_hold,5.84,56.9,OK,False
128,12,customs_hub_hold,5.89,55.8,OK,False
129,12,customs_hub_hold,6.13,52.3,OK,False
130,12,customs_hub_hold,6.05,57.5,OK,False
131,12,customs_hub_hold,6.04,52.3,OK,False
132,12,customs_hub_hold,6.17,57.2,OK,False
133,12,customs_hub_hold,6.19,53.8,OK,False
134,12,customs_hub_hold,5.88,53.4,OK,False
135,12,last_mile_delivery,4.96,47.6,OK,False
136,12,last_mile_delivery,5.02,48.1,OK,False
137,12,last_mile_delivery,4.81,45.9,OK,False
138,12,last_mile_delivery,5.04,47.4,OK,False
139,12,last_mile_delivery,4.81,50.8,OK,False
140,12,last_mile_delivery,4.8,49.1,OK,False
141,12,last_mile_delivery,5.17,47.3,OK,False
142,12,last_mile_delivery,4.91,45.7,OK,False
143,12,last_mile_delivery,5.09,50.1,OK,False
144,12,last_mile_delivery,4.98,48.7,OK,False
145,12,last_mile_delivery,4.86,47.6,OK,False
146,12,last_mile_delivery,5.02,50.0,OK,False
147,12,last_mile_delivery,5.19,48.8,OK,False
148,12,last_mile_delivery,4.92,49.7,OK,False
149,12,last_mile_delivery,4.98,49.7,OK,False
150,12,last_mile_delivery,5.02,46.6,OK,False
151,12,last_mile_delivery,4.93,50.0,OK,False
152,12,last_mile_delivery,5.05,50.7,OK,False
153,12,last_mile_delivery,5.06,47.2,OK,False
154,12,last_mile_delivery,5.08,47.4,OK,False
155,12,last_mile_delivery,5.02,47.5,OK,False
156,12,last_mile_delivery,5.06,50.3,OK,False
157,12,last_mile_delivery,4.89,48.8,OK,False
158,12,last_mile_delivery,4.83,49.6,OK,False
159,12,last_mile_delivery,4.9,47.9,OK,False
160,12,last_mile_delivery,5.0,48.7,OK,False
161,12,last_mile_delivery,5.0,50.4,OK,False
162,12,last_mile_delivery,4.83,47.8,OK,False
163,12,last_mile_delivery,5.17,45.3,OK,False
164,12,last_mile_delivery,5.0,49.8,OK,False
0,13,cold_storage_loading,4.07,46.7,OK,False
1,13,cold_storage_loading,3.82,42.1,OK,False
2,13,cold_storage_loading,4.1,47.7,OK,False
3,13,cold_storage_loading,4.05,44.5,OK,False
4,13,cold_storage_loading,4.01,43.4,OK,False
5,13,cold_storage_loading,4.05,43.6,OK,False
6,13,cold_storage_loading,4.11,44.2,OK,False
7,13,cold_storage_loading,4.04,46.1,OK,False
8,13,cold_storage_loading,3.92,47.8,OK,False
9,13,cold_storage_loading,4.12,42.5,OK,False
10,13,cold_storage_loading,3.91,47.7,OK,False
11,13,cold_storage_loading,4.1,42.0,OK,False
12,13,cold_storage_loading,3.91,42.7,OK,False
13,13,cold_storage_loading,3.93,44.3,OK,False
14,13,cold_storage_loading,3.86,46.6,OK,False
15,13,cold_storage_loading,3.83,43.7,OK,False
16,13,cold_storage_loading,4.05,45.9,OK,False
17,13,cold_storage_loading,3.99,47.8,OK,False
18,13,cold_storage_loading,4.14,46.0,OK,False
19,13,cold_storage_loading,4.04,45.8,OK,False
20,13,cold_storage_loading,3.96,45.3,OK,False
21,13,cold_storage_loading,3.93,47.8,OK,False
22,13,cold_storage_loading,4.17,42.4,OK,False
23,13,cold_storage_loading,4.02,43.2,OK,False
24,13,cold_storage_loading,4.01,44.2,OK,False
25,13,cold_storage_loading,3.87,45.2,OK,False
26,13,cold_storage_loading,4.04,43.8,OK,False
27,13,cold_storage_loading,3.8,45.2,OK,False
28,13,cold_storage_loading,3.92,42.2,OK,False
29,13,cold_storage_loading,4.16,45.9,OK,False
30,13,highway_transit,5.01,49.3,OK,False
31,13,highway_transit,5.18,47.9,OK,False
32,13,highway_transit,5.05,48.8,OK,False
33,13,highway_transit,5.02,51.9,OK,False
34,13,highway_transit,5.17,49.6,OK,False
35,13,highway_transit,5.04,51.9,OK,False
36,13,highway_transit,5.1,52.2,OK,False
37,13,highway_transit,5.16,50.0,OK,False
38,13,highway_transit,5.18,47.6,OK,False
39,13,highway_transit,4.8,47.7,OK,False
40,13,highway_transit,4.99,47.8,OK,False
41,13,highway_transit,12.34,50.9,BREACH,False
42,13,highway_transit,12.5,49.1,BREACH,False
43,13,highway_transit,12.63,47.8,BREACH,False
44,13,highway_transit,12.64,50.0,BREACH,False
45,13,highway_transit,12.47,50.5,BREACH,False
46,13,highway_transit,12.55,48.5,BREACH,False
47,13,highway_transit,12.64,48.8,BREACH,False
48,13,highway_transit,12.52,50.5,BREACH,False
49,13,highway_transit,12.61,48.1,BREACH,False
50,13,highway_transit,12.65,48.3,BREACH,False
51,13,highway_transit,12.57,52.5,BREACH,False
52,13,highway_transit,12.5,52.3,BREACH,False
53,13,highway_transit,12.45,52.9,BREACH,False
54,13,highway_transit,12.61,50.6,BREACH,False
55,13,highway_transit,12.64,47.9,BREACH,False
56,13,highway_transit,12.42,47.8,BREACH,False
57,13,highway_transit,12.65,50.3,BREACH,False
58,13,highway_transit,12.6,51.0,BREACH,False
59,13,highway_transit,12.44,50.0,BREACH,False
60,13,highway_transit,12.63,50.3,BREACH,False
61,13,highway_transit,12.6,47.8,BREACH,False
62,13,highway_transit,12.56,49.9,BREACH,False
63,13,highway_transit,12.56,49.7,BREACH,False
64,13,highway_transit,12.68,51.9,BREACH,False
65,13,highway_transit,12.6,52.4,BREACH,False
66,13,highway_transit,12.68,52.8,BREACH,False
67,13,highway_transit,12.42,47.8,BREACH,False
68,13,highway_transit,12.3,49.4,BREACH,False
69,13,highway_transit,12.46,49.9,BREACH,False
70,13,highway_transit,12.68,50.6,BREACH,False
71,13,highway_transit,12.66,50.2,BREACH,False
72,13,highway_transit,12.56,49.2,BREACH,False
73,13,highway_transit,12.62,50.3,BREACH,False
74,13,highway_transit,12.31,52.6,BREACH,False
75,13,highway_transit,12.67,52.0,BREACH,False
76,13,highway_transit,12.55,51.2,BREACH,False
77,13,highway_transit,12.48,51.4,BREACH,False
78,13,highway_transit,12.45,47.7,BREACH,False
79,13,highway_transit,12.47,51.0,BREACH,False
80,13,highway_transit,12.64,51.6,BREACH,False
81,13,highway_transit,12.61,47.6,BREACH,False
82,13,highway_transit,12.57,52.7,BREACH,False
83,13,highway_transit,12.46,47.8,BREACH,False
84,13,highway_transit,12.4,48.7,BREACH,False
85,13,highway_transit,12.56,47.3,BREACH,False
86,13,highway_transit,12.39,49.5,BREACH,False
87,13,highway_transit,12.69,47.7,BREACH,False
88,13,highway_transit,12.34,51.3,BREACH,False
89,13,highway_transit,12.36,48.6,BREACH,False
90,13,customs_hub_hold,5.8,53.0,OK,False
91,13,customs_hub_hold,5.92,54.8,OK,False
92,13,customs_hub_hold,6.05,53.8,OK,False
93,13,customs_hub_hold,5.99,52.6,OK,False
94,13,customs_hub_hold,5.94,56.6,OK,False
95,13,customs_hub_hold,5.87,55.0,OK,False
96,13,customs_hub_hold,6.1,54.5,OK,False
97,13,customs_hub_hold,5.86,53.6,OK,False
98,13,customs_hub_hold,5.97,55.2,OK,False
99,13,customs_hub_hold,5.87,57.4,OK,False
100,13,customs_hub_hold,5.99,56.0,OK,False
101,13,customs_hub_hold,6.19,52.0,OK,False
102,13,customs_hub_hold,5.87,55.9,OK,False
103,13,customs_hub_hold,6.11,52.6,OK,False
104,13,customs_hub_hold,6.1,56.5,OK,False
105,13,customs_hub_hold,5.92,54.2,OK,False
106,13,customs_hub_hold,6.09,54.9,OK,False
107,13,customs_hub_hold,6.06,56.5,OK,False
108,13,customs_hub_hold,6.09,55.7,OK,False
109,13,customs_hub_hold,6.04,52.8,OK,False
110,13,customs_hub_hold,6.15,52.0,OK,False
111,13,customs_hub_hold,5.84,54.5,OK,False
112,13,customs_hub_hold,6.14,55.3,OK,False
113,13,customs_hub_hold,5.86,57.3,OK,False
114,13,customs_hub_hold,5.8,57.7,OK,False
115,13,customs_hub_hold,5.89,57.7,OK,False
116,13,customs_hub_hold,6.16,55.1,OK,False
117,13,customs_hub_hold,6.06,57.7,OK,False
118,13,customs_hub_hold,5.85,57.1,OK,False
119,13,customs_hub_hold,5.84,53.4,OK,False
120,13,customs_hub_hold,6.13,52.1,OK,False
121,13,customs_hub_hold,6.13,54.6,OK,False
122,13,customs_hub_hold,5.81,53.0,OK,False
123,13,customs_hub_hold,5.81,56.5,OK,False
124,13,customs_hub_hold,5.83,52.7,OK,False
125,13,customs_hub_hold,5.94,53.3,OK,False
126,13,customs_hub_hold,5.81,57.0,OK,False
127,13,customs_hub_hold,5.82,52.9,OK,False
128,13,customs_hub_hold,6.09,55.5,OK,False
129,13,customs_hub_hold,6.02,53.5,OK,False
130,13,customs_hub_hold,6.12,53.4,OK,False
131,13,customs_hub_hold,5.88,54.0,OK,False
132,13,customs_hub_hold,6.16,56.9,OK,False
133,13,customs_hub_hold,5.82,54.3,OK,False
134,13,customs_hub_hold,6.01,53.9,OK,False
135,13,last_mile_delivery,4.94,47.2,OK,False
136,13,last_mile_delivery,4.88,47.3,OK,False
137,13,last_mile_delivery,5.14,45.5,OK,False
138,13,last_mile_delivery,4.94,50.6,OK,False
139,13,last_mile_delivery,5.16,47.2,OK,False
140,13,last_mile_delivery,4.99,45.0,OK,False
141,13,last_mile_delivery,4.96,46.4,OK,False
142,13,last_mile_delivery,4.97,50.2,OK,False
143,13,last_mile_delivery,5.11,47.5,OK,False
144,13,last_mile_delivery,4.96,49.1,OK,False
145,13,last_mile_delivery,4.9,49.2,OK,False
146,13,last_mile_delivery,4.96,45.0,OK,False
147,13,last_mile_delivery,4.87,47.5,OK,False
148,13,last_mile_delivery,5.02,46.8,OK,False
149,13,last_mile_delivery,4.86,45.5,OK,False
150,13,last_mile_delivery,4.86,45.2,OK,False
151,13,last_mile_delivery,4.98,47.3,OK,False
152,13,last_mile_delivery,5.0,47.5,OK,False
153,13,last_mile_delivery,5.15,47.5,OK,False
154,13,last_mile_delivery,5.15,50.1,OK,False
155,13,last_mile_delivery,5.17,49.5,OK,False
156,13,last_mile_delivery,5.08,45.3,OK,False
157,13,last_mile_delivery,5.15,49.0,OK,False
158,13,last_mile_delivery,4.95,47.1,OK,False
159,13,last_mile_delivery,5.13,48.7,OK,False
160,13,last_mile_delivery,4.94,50.1,OK,False
161,13,last_mile_delivery,4.85,49.7,OK,False
162,13,last_mile_delivery,4.96,47.0,OK,False
163,13,last_mile_delivery,4.93,45.3,OK,False
164,13,last_mile_delivery,5.03,50.2,OK,False
0,14,cold_storage_loading,4.06,42.8,OK,False
1,14,cold_storage_loading,3.93,42.9,OK,False
2,14,cold_storage_loading,3.96,47.0,OK,False
3,14,cold_storage_loading,4.12,44.2,OK,False
4,14,cold_storage_loading,4.09,43.7,OK,False
5,14,cold_storage_loading,4.14,45.6,OK,False
6,14,cold_storage_loading,3.98,44.7,OK,False
7,14,cold_storage_loading,4.06,45.6,OK,False
8,14,cold_storage_loading,3.92,45.4,OK,False
9,14,cold_storage_loading,3.88,43.9,OK,False
10,14,cold_storage_loading,3.96,45.7,OK,False
11,14,cold_storage_loading,3.94,46.1,OK,False
12,14,cold_storage_loading,3.94,43.3,OK,False
13,14,cold_storage_loading,4.15,44.4,OK,False
14,14,cold_storage_loading,4.06,42.2,OK,False
15,14,cold_storage_loading,3.93,46.6,OK,False
16,14,cold_storage_loading,4.12,43.0,OK,False
17,14,cold_storage_loading,4.01,43.3,OK,False
18,14,cold_storage_loading,4.15,45.6,OK,False
19,14,cold_storage_loading,4.12,45.2,OK,False
20,14,cold_storage_loading,3.98,43.9,OK,False
21,14,cold_storage_loading,3.92,46.1,OK,False
22,14,cold_storage_loading,4.05,43.0,OK,False
23,14,cold_storage_loading,4.1,42.5,OK,False
24,14,cold_storage_loading,3.84,47.0,OK,False
25,14,cold_storage_loading,3.89,42.0,OK,False
26,14,cold_storage_loading,4.14,45.7,OK,False
27,14,cold_storage_loading,4.16,46.8,OK,False
28,14,cold_storage_loading,3.9,47.4,OK,False
29,14,cold_storage_loading,3.94,44.3,OK,False
30,14,highway_transit,5.05,51.7,OK,False
31,14,highway_transit,5.01,52.5,OK,False
32,14,highway_transit,4.89,52.2,OK,False
33,14,highway_transit,4.99,48.8,OK,False
34,14,highway_transit,4.84,50.4,OK,False
35,14,highway_transit,4.8,47.8,OK,False
36,14,highway_transit,5.08,47.6,OK,False
37,14,highway_transit,5.05,51.1,OK,False
38,14,highway_transit,5.03,49.9,OK,False
39,14,highway_transit,4.92,48.0,OK,False
40,14,highway_transit,5.05,48.0,OK,False
41,14,highway_transit,12.53,50.6,BREACH,False
42,14,highway_transit,12.39,47.9,BREACH,False
43,14,highway_transit,12.4,49.6,BREACH,False
44,14,highway_transit,12.59,47.0,BREACH,False
45,14,highway_transit,12.66,49.3,BREACH,False
46,14,highway_transit,12.3,49.7,BREACH,False
47,14,highway_transit,12.38,51.3,BREACH,False
48,14,highway_transit,12.47,49.9,BREACH,False
49,14,highway_transit,12.67,47.7,BREACH,False
50,14,highway_transit,12.69,49.0,BREACH,False
51,14,highway_transit,12.56,49.5,BREACH,False
52,14,highway_transit,12.57,49.4,BREACH,False
53,14,highway_transit,12.63,47.0,BREACH,False
54,14,highway_transit,12.61,51.2,BREACH,False
55,14,highway_transit,12.38,50.6,BREACH,False
56,14,highway_transit,12.4,49.6,BREACH,False
57,14,highway_transit,12.55,52.7,BREACH,False
58,14,highway_transit,12.56,51.8,BREACH,False
59,14,highway_transit,12.55,47.9,BREACH,False
60,14,highway_transit,12.69,48.3,BREACH,False
61,14,highway_transit,12.5,49.6,BREACH,False
62,14,highway_transit,12.39,49.2,BREACH,False
63,14,highway_transit,12.39,52.0,BREACH,False
64,14,highway_transit,12.36,48.5,BREACH,False
65,14,highway_transit,12.52,48.5,BREACH,False
66,14,highway_transit,12.55,49.5,BREACH,False
67,14,highway_transit,12.69,50.9,BREACH,False
68,14,highway_transit,12.42,47.9,BREACH,False
69,14,highway_transit,12.38,47.9,BREACH,False
70,14,highway_transit,12.55,52.7,BREACH,False
71,14,highway_transit,12.51,50.5,BREACH,False
72,14,highway_transit,12.43,51.3,BREACH,False
73,14,highway_transit,12.52,52.1,BREACH,False
74,14,highway_transit,12.47,51.0,BREACH,False
75,14,highway_transit,12.51,49.1,BREACH,False
76,14,highway_transit,12.47,49.9,BREACH,False
77,14,highway_transit,12.57,47.8,BREACH,False
78,14,highway_transit,12.55,48.0,BREACH,False
79,14,highway_transit,12.55,48.1,BREACH,False
80,14,highway_transit,12.31,51.9,BREACH,False
81,14,highway_transit,12.35,50.2,BREACH,False
82,14,highway_transit,12.37,52.3,BREACH,False
83,14,highway_transit,12.69,49.6,BREACH,False
84,14,highway_transit,12.33,52.2,BREACH,False
85,14,highway_transit,12.33,48.3,BREACH,False
86,14,highway_transit,12.69,48.2,BREACH,False
87,14,highway_transit,12.32,52.4,BREACH,False
88,14,highway_transit,12.58,51.6,BREACH,False
89,14,highway_transit,12.51,52.2,BREACH,False
90,14,customs_hub_hold,6.16,52.4,OK,False
91,14,customs_hub_hold,6.09,52.9,OK,False
92,14,customs_hub_hold,5.87,54.7,OK,False
93,14,customs_hub_hold,5.88,53.9,OK,False
94,14,customs_hub_hold,6.07,56.9,OK,False
95,14,customs_hub_hold,5.85,57.4,OK,False
96,14,customs_hub_hold,6.04,52.9,OK,False
97,14,customs_hub_hold,5.81,52.8,OK,False
98,14,customs_hub_hold,6.07,57.7,OK,False
99,14,customs_hub_hold,5.81,56.4,OK,False
100,14,customs_hub_hold,5.8,56.9,OK,False
101,14,customs_hub_hold,6.05,52.0,OK,False
102,14,customs_hub_hold,6.18,56.5,OK,False
103,14,customs_hub_hold,5.85,57.1,OK,False
104,14,customs_hub_hold,6.1,56.3,OK,False
105,14,customs_hub_hold,5.96,55.7,OK,False
106,14,customs_hub_hold,5.98,56.7,OK,False
107,14,customs_hub_hold,6.06,55.3,OK,False
108,14,customs_hub_hold,6.15,57.8,OK,False
109,14,customs_hub_hold,5.97,57.1,OK,False
110,14,customs_hub_hold,5.82,54.2,OK,False
111,14,customs_hub_hold,6.06,54.8,OK,False
112,14,customs_hub_hold,6.15,55.8,OK,False
113,14,customs_hub_hold,5.93,57.6,OK,False
114,14,customs_hub_hold,6.03,53.9,OK,False
115,14,customs_hub_hold,5.87,56.7,OK,False
116,14,customs_hub_hold,6.05,57.7,OK,False
117,14,customs_hub_hold,5.87,53.6,OK,False
118,14,customs_hub_hold,6.08,55.4,OK,False
119,14,customs_hub_hold,5.91,53.1,OK,False
120,14,customs_hub_hold,6.07,52.0,OK,False
121,14,customs_hub_hold,6.13,54.2,OK,False
122,14,customs_hub_hold,6.09,54.3,OK,False
123,14,customs_hub_hold,6.01,55.9,OK,False
124,14,customs_hub_hold,5.95,54.6,OK,False
125,14,customs_hub_hold,6.15,57.2,OK,False
126,14,customs_hub_hold,5.99,52.8,OK,False
127,14,customs_hub_hold,5.8,55.6,OK,False
128,14,customs_hub_hold,5.96,55.2,OK,False
129,14,customs_hub_hold,5.84,54.0,OK,False
130,14,customs_hub_hold,6.19,55.3,OK,False
131,14,customs_hub_hold,6.19,55.7,OK,False
132,14,customs_hub_hold,5.82,56.6,OK,False
133,14,customs_hub_hold,6.18,54.1,OK,False
134,14,customs_hub_hold,6.07,55.1,OK,False
135,14,last_mile_delivery,4.92,46.8,OK,False
136,14,last_mile_delivery,4.81,46.5,OK,False
137,14,last_mile_delivery,5.0,50.4,OK,False
138,14,last_mile_delivery,5.17,47.8,OK,False
139,14,last_mile_delivery,5.11,50.3,OK,False
140,14,last_mile_delivery,5.18,46.9,OK,False
141,14,last_mile_delivery,4.82,50.8,OK,False
142,14,last_mile_delivery,4.96,48.7,OK,False
143,14,last_mile_delivery,5.06,45.6,OK,False
144,14,last_mile_delivery,5.01,50.2,OK,False
145,14,last_mile_delivery,4.87,50.8,OK,False
146,14,last_mile_delivery,4.9,45.3,OK,False
147,14,last_mile_delivery,5.02,46.2,OK,False
148,14,last_mile_delivery,5.12,50.6,OK,False
149,14,last_mile_delivery,4.81,46.6,OK,False
150,14,last_mile_delivery,5.1,49.1,OK,False
151,14,last_mile_delivery,4.96,50.6,OK,False
152,14,last_mile_delivery,4.88,50.3,OK,False
153,14,last_mile_delivery,5.17,47.8,OK,False
154,14,last_mile_delivery,5.15,46.8,OK,False
155,14,last_mile_delivery,4.99,45.5,OK,False
156,14,last_mile_delivery,5.1,46.3,OK,False
157,14,last_mile_delivery,4.94,49.2,OK,False
158,14,last_mile_delivery,5.07,50.6,OK,False
159,14,last_mile_delivery,4.96,49.5,OK,False
160,14,last_mile_delivery,4.88,46.2,OK,False
161,14,last_mile_delivery,5.1,48.3,OK,False
162,14,last_mile_delivery,5.09,45.5,OK,False
163,14,last_mile_delivery,5.02,46.0,OK,False
164,14,last_mile_delivery,4.99,50.6,OK,False
0,15,cold_storage_loading,4.05,45.6,OK,False
1,15,cold_storage_loading,4.04,44.4,OK,False
2,15,cold_storage_loading,3.82,46.3,OK,False
3,15,cold_storage_loading,4.19,43.2,OK,False
4,15,cold_storage_loading,3.84,44.0,OK,False
5,15,cold_storage_loading,3.83,42.3,OK,False
6,15,cold_storage_loading,3.85,45.9,OK,False
7,15,cold_storage_loading,4.01,44.4,OK,False
8,15,cold_storage_loading,3.92,43.7,OK,False
9,15,cold_storage_loading,3.97,46.0,OK,False
10,15,cold_storage_loading,4.01,44.4,OK,False
11,15,cold_storage_loading,4.18,44.2,OK,False
12,15,cold_storage_loading,3.97,44.6,OK,False
13,15,cold_storage_loading,3.97,45.2,OK,False
14,15,cold_storage_loading,3.86,43.1,OK,False
15,15,cold_storage_loading,4.03,43.5,OK,False
16,15,cold_storage_loading,4.19,46.8,OK,False
17,15,cold_storage_loading,3.96,44.1,OK,False
18,15,cold_storage_loading,4.16,45.2,OK,False
19,15,cold_storage_loading,3.8,45.3,OK,False
20,15,cold_storage_loading,4.07,42.5,OK,False
21,15,cold_storage_loading,3.91,44.4,OK,False
22,15,cold_storage_loading,3.93,43.6,OK,False
23,15,cold_storage_loading,4.11,47.1,OK,False
24,15,cold_storage_loading,4.07,43.1,OK,False
25,15,cold_storage_loading,3.91,45.5,OK,False
26,15,cold_storage_loading,3.84,46.9,OK,False
27,15,cold_storage_loading,4.05,47.7,OK,False
28,15,cold_storage_loading,3.81,46.6,OK,False
29,15,cold_storage_loading,4.12,42.7,OK,False
30,15,highway_transit,5.16,47.4,OK,False
31,15,highway_transit,5.17,50.4,OK,False
32,15,highway_transit,5.06,50.3,OK,False
33,15,highway_transit,4.96,51.7,OK,False
34,15,highway_transit,4.91,51.2,OK,False
35,15,highway_transit,5.03,50.4,OK,False
36,15,highway_transit,5.13,48.3,OK,False
37,15,highway_transit,4.87,52.2,OK,False
38,15,highway_transit,4.88,52.2,OK,False
39,15,highway_transit,5.11,48.3,OK,False
40,15,highway_transit,5.18,48.2,OK,False
41,15,highway_transit,12.39,50.3,BREACH,False
42,15,highway_transit,12.61,52.0,BREACH,False
43,15,highway_transit,12.57,51.4,BREACH,False
44,15,highway_transit,12.47,50.0,BREACH,False
45,15,highway_transit,12.38,47.4,BREACH,False
46,15,highway_transit,12.52,50.9,BREACH,False
47,15,highway_transit,12.52,47.8,BREACH,False
48,15,highway_transit,12.42,49.3,BREACH,False
49,15,highway_transit,12.33,48.0,BREACH,False
50,15,highway_transit,12.4,49.7,BREACH,False
51,15,highway_transit,12.55,51.8,BREACH,False
52,15,highway_transit,12.31,47.2,BREACH,False
53,15,highway_transit,12.41,47.1,BREACH,False
54,15,highway_transit,12.54,51.1,BREACH,False
55,15,highway_transit,12.52,52.6,BREACH,False
56,15,highway_transit,12.31,51.4,BREACH,False
57,15,highway_transit,12.38,49.1,BREACH,False
58,15,highway_transit,12.52,47.3,BREACH,False
59,15,highway_transit,12.59,52.5,BREACH,False
60,15,highway_transit,12.42,52.3,BREACH,False
61,15,highway_transit,12.4,51.4,BREACH,False
62,15,highway_transit,12.62,48.5,BREACH,False
63,15,highway_transit,12.62,48.3,BREACH,False
64,15,highway_transit,12.51,50.4,BREACH,False
65,15,highway_transit,12.44,50.6,BREACH,False
66,15,highway_transit,12.42,52.2,BREACH,False
67,15,highway_transit,12.56,48.0,BREACH,False
68,15,highway_transit,12.61,52.4,BREACH,False
69,15,highway_transit,12.63,51.9,BREACH,False
70,15,highway_transit,12.42,49.5,BREACH,False
71,15,highway_transit,12.69,50.8,BREACH,False
72,15,highway_transit,12.3,48.1,BREACH,False
73,15,highway_transit,12.42,47.2,BREACH,False
74,15,highway_transit,12.63,50.1,BREACH,False
75,15,highway_transit,12.68,52.2,BREACH,False
76,15,highway_transit,12.46,49.3,BREACH,False
77,15,highway_transit,12.66,50.2,BREACH,False
78,15,highway_transit,12.58,49.0,BREACH,False
79,15,highway_transit,12.63,50.5,BREACH,False
80,15,highway_transit,12.45,52.2,BREACH,False
81,15,highway_transit,12.56,52.8,BREACH,False
82,15,highway_transit,12.57,51.9,BREACH,False
83,15,highway_transit,12.59,51.4,BREACH,False
84,15,highway_transit,12.33,50.4,BREACH,False
85,15,highway_transit,12.5,49.3,BREACH,False
86,15,highway_transit,12.59,47.6,BREACH,False
87,15,highway_transit,12.35,51.8,BREACH,False
88,15,highway_transit,12.35,51.2,BREACH,False
89,15,highway_transit,12.33,49.8,BREACH,False
90,15,customs_hub_hold,6.12,52.5,OK,False
91,15,customs_hub_hold,6.19,57.7,OK,False
92,15,customs_hub_hold,6.09,56.3,OK,False
93,15,customs_hub_hold,6.17,55.9,OK,False
94,15,customs_hub_hold,6.13,57.2,OK,False
95,15,customs_hub_hold,5.83,53.8,OK,False
96,15,customs_hub_hold,6.05,57.3,OK,False
97,15,customs_hub_hold,6.09,52.0,OK,False
98,15,customs_hub_hold,6.17,54.2,OK,False
99,15,customs_hub_hold,6.15,54.7,OK,False
100,15,customs_hub_hold,6.01,57.1,OK,False
101,15,customs_hub_hold,5.91,52.0,OK,False
102,15,customs_hub_hold,6.16,57.1,OK,False
103,15,customs_hub_hold,5.99,56.3,OK,False
104,15,customs_hub_hold,6.17,55.4,OK,False
105,15,customs_hub_hold,5.93,57.2,OK,False
106,15,customs_hub_hold,5.87,52.5,OK,False
107,15,customs_hub_hold,5.99,54.1,OK,False
108,15,customs_hub_hold,6.14,53.2,OK,False
109,15,customs_hub_hold,5.9,56.1,OK,False
110,15,customs_hub_hold,5.82,56.4,OK,False
111,15,customs_hub_hold,5.88,55.1,OK,False
112,15,customs_hub_hold,6.16,57.0,OK,False
113,15,customs_hub_hold,6.0,57.9,OK,False
114,15,customs_hub_hold,5.86,55.4,OK,False
115,15,customs_hub_hold,5.85,55.7,OK,False
116,15,customs_hub_hold,5.94,54.3,OK,False
117,15,customs_hub_hold,6.08,54.8,OK,False
118,15,customs_hub_hold,5.91,53.7,OK,False
119,15,customs_hub_hold,5.91,52.8,OK,False
120,15,customs_hub_hold,5.94,57.9,OK,False
121,15,customs_hub_hold,6.13,53.1,OK,False
122,15,customs_hub_hold,6.04,55.6,OK,False
123,15,customs_hub_hold,5.81,56.0,OK,False
124,15,customs_hub_hold,6.07,56.5,OK,False
125,15,customs_hub_hold,6.03,55.1,OK,False
126,15,customs_hub_hold,6.17,55.3,OK,False
127,15,customs_hub_hold,6.18,57.6,OK,False
128,15,customs_hub_hold,6.16,54.9,OK,False
129,15,customs_hub_hold,6.13,55.2,OK,False
130,15,customs_hub_hold,5.86,57.2,OK,False
131,15,customs_hub_hold,6.03,56.7,OK,False
132,15,customs_hub_hold,5.81,56.3,OK,False
133,15,customs_hub_hold,6.14,54.6,OK,False
134,15,customs_hub_hold,5.8,55.6,OK,False
135,15,last_mile_delivery,4.9,46.4,OK,False
136,15,last_mile_delivery,5.14,45.7,OK,False
137,15,last_mile_delivery,4.93,49.3,OK,False
138,15,last_mile_delivery,5.0,45.0,OK,False
139,15,last_mile_delivery,5.06,47.4,OK,False
140,15,last_mile_delivery,4.9,48.8,OK,False
141,15,last_mile_delivery,5.01,49.9,OK,False
142,15,last_mile_delivery,5.02,47.2,OK,False
143,15,last_mile_delivery,5.08,49.7,OK,False
144,15,last_mile_delivery,4.99,50.6,OK,False
145,15,last_mile_delivery,4.91,46.4,OK,False
146,15,last_mile_delivery,4.84,45.6,OK,False
147,15,last_mile_delivery,5.17,50.9,OK,False
148,15,last_mile_delivery,5.15,47.7,OK,False
149,15,last_mile_delivery,5.09,47.7,OK,False
150,15,last_mile_delivery,4.94,47.0,OK,False
151,15,last_mile_delivery,5.01,47.9,OK,False
152,15,last_mile_delivery,4.83,47.1,OK,False
153,15,last_mile_delivery,4.86,47.4,OK,False
154,15,last_mile_delivery,5.15,49.5,OK,False
155,15,last_mile_delivery,5.14,46.8,OK,False
156,15,last_mile_delivery,5.19,46.6,OK,False
157,15,last_mile_delivery,5.13,49.4,OK,False
158,15,last_mile_delivery,5.19,48.1,OK,False
159,15,last_mile_delivery,5.19,50.3,OK,False
160,15,last_mile_delivery,5.15,47.6,OK,False
161,15,last_mile_delivery,4.95,47.6,OK,False
162,15,last_mile_delivery,4.82,50.0,OK,False
163,15,last_mile_delivery,5.18,46.7,OK,False
164,15,last_mile_delivery,4.95,45.0,OK,False
0,16,cold_storage_loading,4.04,47.7,OK,False
1,16,cold_storage_loading,4.15,45.9,OK,False
2,16,cold_storage_loading,4.08,46.3,OK,False
3,16,cold_storage_loading,3.86,42.2,OK,False
4,16,cold_storage_loading,3.99,45.0,OK,False
5,16,cold_storage_loading,3.99,44.3,OK,False
6,16,cold_storage_loading,4.12,47.1,OK,False
7,16,cold_storage_loading,4.03,43.9,OK,False
8,16,cold_storage_loading,3.85,42.0,OK,False
9,16,cold_storage_loading,4.06,42.1,OK,False
10,16,cold_storage_loading,4.06,43.1,OK,False
11,16,cold_storage_loading,3.95,42.3,OK,False
12,16,cold_storage_loading,3.93,45.2,OK,False
13,16,cold_storage_loading,4.19,46.0,OK,False
14,16,cold_storage_loading,3.99,44.7,OK,False
15,16,cold_storage_loading,4.13,46.4,OK,False
16,16,cold_storage_loading,3.86,43.9,OK,False
17,16,cold_storage_loading,3.98,44.9,OK,False
18,16,cold_storage_loading,4.17,44.1,OK,False
19,16,cold_storage_loading,3.88,44.7,OK,False
20,16,cold_storage_loading,4.16,47.8,OK,False
21,16,cold_storage_loading,3.83,42.7,OK,False
22,16,cold_storage_loading,3.81,44.2,OK,False
23,16,cold_storage_loading,4.19,45.7,OK,False
24,16,cold_storage_loading,3.97,45.9,OK,False
25,16,cold_storage_loading,4.0,42.3,OK,False
26,16,cold_storage_loading,3.94,42.8,OK,False
27,16,cold_storage_loading,4.01,43.3,OK,False
28,16,cold_storage_loading,4.19,45.8,OK,False
29,16,cold_storage_loading,3.97,47.1,OK,False
30,16,highway_transit,4.8,49.8,OK,False
31,16,highway_transit,5.0,49.0,OK,False
32,16,highway_transit,4.9,47.7,OK,False
33,16,highway_transit,4.93,48.6,OK,False
34,16,highway_transit,4.98,52.7,OK,False
35,16,highway_transit,5.19,52.3,OK,False
36,16,highway_transit,5.11,49.0,OK,False
37,16,highway_transit,5.16,47.3,OK,False
38,16,highway_transit,5.13,48.5,OK,False
39,16,highway_transit,4.9,48.6,OK,False
40,16,highway_transit,4.84,49.1,OK,False
41,16,highway_transit,12.65,49.3,BREACH,False
42,16,highway_transit,12.43,50.1,BREACH,False
43,16,highway_transit,12.67,47.2,BREACH,False
44,16,highway_transit,12.42,47.0,BREACH,False
45,16,highway_transit,12.5,52.2,BREACH,False
46,16,highway_transit,12.34,52.1,BREACH,False
47,16,highway_transit,12.59,50.3,BREACH,False
48,16,highway_transit,12.37,48.7,BREACH,False
49,16,highway_transit,12.39,47.6,BREACH,False
50,16,highway_transit,12.44,51.1,BREACH,False
51,16,highway_transit,12.54,48.8,BREACH,False
52,16,highway_transit,12.38,51.0,BREACH,False
53,16,highway_transit,12.59,52.5,BREACH,False
54,16,highway_transit,12.54,51.7,BREACH,False
55,16,highway_transit,12.59,49.3,BREACH,False
56,16,highway_transit,12.69,47.2,BREACH,False
57,16,highway_transit,12.68,52.2,BREACH,False
58,16,highway_transit,12.55,48.1,BREACH,False
59,16,highway_transit,12.63,50.4,BREACH,False
60,16,highway_transit,12.48,50.3,BREACH,False
61,16,highway_transit,12.3,47.2,BREACH,False
62,16,highway_transit,12.52,47.8,BREACH,False
63,16,highway_transit,12.45,50.6,BREACH,False
64,16,highway_transit,12.59,47.0,BREACH,False
65,16,highway_transit,12.36,47.4,BREACH,False
66,16,highway_transit,12.69,48.9,BREACH,False
67,16,highway_transit,12.43,50.4,BREACH,False
68,16,highway_transit,12.4,50.2,BREACH,False
69,16,highway_transit,12.55,50.6,BREACH,False
70,16,highway_transit,12.69,51.6,BREACH,False
71,16,highway_transit,12.47,51.1,BREACH,False
72,16,highway_transit,12.64,50.2,BREACH,False
73,16,highway_transit,12.39,49.0,BREACH,False
74,16,highway_transit,12.39,49.2,BREACH,False
75,16,highway_transit,12.52,49.3,BREACH,False
76,16,highway_transit,12.38,48.7,BREACH,False
77,16,highway_transit,12.35,51.9,BREACH,False
78,16,highway_transit,12.68,49.3,BREACH,False
79,16,highway_transit,12.31,52.9,BREACH,False
80,16,highway_transit,12.59,52.5,BREACH,False
81,16,highway_transit,12.3,50.1,BREACH,False
82,16,highway_transit,12.37,52.2,BREACH,False
83,16,highway_transit,12.49,47.2,BREACH,False
84,16,highway_transit,12.66,47.9,BREACH,False
85,16,highway_transit,12.6,50.3,BREACH,False
86,16,highway_transit,12.49,52.3,BREACH,False
87,16,highway_transit,12.38,50.5,BREACH,False
88,16,highway_transit,12.59,50.8,BREACH,False
89,16,highway_transit,12.55,48.1,BREACH,False
90,16,customs_hub_hold,6.01,57.9,OK,False
91,16,customs_hub_hold,5.96,55.8,OK,False
92,16,customs_hub_hold,5.84,57.2,OK,False
93,16,customs_hub_hold,6.13,57.9,OK,False
94,16,customs_hub_hold,5.86,57.5,OK,False
95,16,customs_hub_hold,5.81,55.5,OK,False
96,16,customs_hub_hold,5.99,55.7,OK,False
97,16,customs_hub_hold,5.97,57.2,OK,False
98,16,customs_hub_hold,5.87,56.7,OK,False
99,16,customs_hub_hold,6.02,53.7,OK,False
100,16,customs_hub_hold,5.82,57.3,OK,False
101,16,customs_hub_hold,6.17,52.0,OK,False
102,16,customs_hub_hold,6.14,57.7,OK,False
103,16,customs_hub_hold,5.8,54.8,OK,False
104,16,customs_hub_hold,5.84,55.2,OK,False
105,16,customs_hub_hold,5.97,52.7,OK,False
106,16,customs_hub_hold,6.09,55.0,OK,False
107,16,customs_hub_hold,5.99,52.9,OK,False
108,16,customs_hub_hold,6.13,54.6,OK,False
109,16,customs_hub_hold,5.9,54.4,OK,False
110,16,customs_hub_hold,5.89,52.6,OK,False
111,16,customs_hub_hold,6.03,55.4,OK,False
112,16,customs_hub_hold,6.17,57.5,OK,False
113,16,customs_hub_hold,6.14,52.2,OK,False
114,16,customs_hub_hold,6.16,57.6,OK,False
115,16,customs_hub_hold,5.9,54.7,OK,False
116,16,customs_hub_hold,6.16,56.9,OK,False
117,16,customs_hub_hold,5.89,56.0,OK,False
118,16,customs_hub_hold,6.14,57.3,OK,False
119,16,customs_hub_hold,5.98,52.5,OK,False
120,16,customs_hub_hold,5.81,57.8,OK,False
121,16,customs_hub_hold,6.13,52.7,OK,False
122,16,customs_hub_hold,5.99,57.6,OK,False
123,16,customs_hub_hold,6.01,56.1,OK,False
124,16,customs_hub_hold,6.19,52.4,OK,False
125,16,customs_hub_hold,5.84,53.0,OK,False
126,16,customs_hub_hold,5.95,57.1,OK,False
127,16,customs_hub_hold,5.83,54.3,OK,False
128,16,customs_hub_hold,6.03,54.6,OK,False
129,16,customs_hub_hold,6.02,56.4,OK,False
130,16,customs_hub_hold,5.93,53.1,OK,False
131,16,customs_hub_hold,5.94,52.4,OK,False
132,16,customs_hub_hold,5.87,56.7,OK,False
133,16,customs_hub_hold,6.1,54.4,OK,False
134,16,customs_hub_hold,5.86,56.1,OK,False
135,16,last_mile_delivery,4.88,46.7,OK,False
136,16,last_mile_delivery,5.07,50.9,OK,False
137,16,last_mile_delivery,4.86,48.2,OK,False
138,16,last_mile_delivery,4.9,48.2,OK,False
139,16,last_mile_delivery,5.01,50.5,OK,False
140,16,last_mile_delivery,5.09,50.0,OK,False
141,16,last_mile_delivery,4.87,48.3,OK,False
142,16,last_mile_delivery,5.08,45.7,OK,False
143,16,last_mile_delivery,5.03,47.1,OK,False
144,16,last_mile_delivery,5.04,45.7,OK,False
145,16,last_mile_delivery,4.88,48.0,OK,False
146,16,last_mile_delivery,4.85,45.9,OK,False
147,16,last_mile_delivery,4.85,49.6,OK,False
148,16,last_mile_delivery,4.85,45.5,OK,False
149,16,last_mile_delivery,5.04,49.5,OK,False
150,16,last_mile_delivery,5.18,45.6,OK,False
151,16,last_mile_delivery,5.06,45.2,OK,False
152,16,last_mile_delivery,5.11,49.9,OK,False
153,16,last_mile_delivery,4.88,47.7,OK,False
154,16,last_mile_delivery,4.82,46.2,OK,False
155,16,last_mile_delivery,4.96,48.8,OK,False
156,16,last_mile_delivery,4.81,47.6,OK,False
157,16,last_mile_delivery,4.92,49.6,OK,False
158,16,last_mile_delivery,4.84,45.6,OK,False
159,16,last_mile_delivery,5.02,45.1,OK,False
160,16,last_mile_delivery,5.09,49.7,OK,False
161,16,last_mile_delivery,4.8,46.2,OK,False
162,16,last_mile_delivery,4.95,49.2,OK,False
163,16,last_mile_delivery,4.87,46.7,OK,False
164,16,last_mile_delivery,4.98,45.4,OK,False
0,17,cold_storage_loading,4.03,43.8,OK,False
1,17,cold_storage_loading,4.19,47.4,OK,False
2,17,cold_storage_loading,3.87,45.6,OK,False
3,17,cold_storage_loading,3.93,47.9,OK,False
4,17,cold_storage_loading,4.14,45.3,OK,False
5,17,cold_storage_loading,4.08,47.0,OK,False
6,17,cold_storage_loading,3.99,42.3,OK,False
7,17,cold_storage_loading,3.98,43.4,OK,False
8,17,cold_storage_loading,3.85,46.3,OK,False
9,17,cold_storage_loading,3.82,43.5,OK,False
10,17,cold_storage_loading,4.04,47.8,OK,False
11,17,cold_storage_loading,4.19,46.4,OK,False
12,17,cold_storage_loading,3.96,46.5,OK,False
13,17,cold_storage_loading,4.01,46.8,OK,False
14,17,cold_storage_loading,4.19,45.6,OK,False
15,17,cold_storage_loading,3.83,43.3,OK,False
16,17,cold_storage_loading,3.93,47.7,OK,False
17,17,cold_storage_loading,4.0,45.7,OK,False
18,17,cold_storage_loading,4.18,43.7,OK,False
19,17,cold_storage_loading,3.96,44.8,OK,False
20,17,cold_storage_loading,3.85,46.4,OK,False
21,17,cold_storage_loading,3.82,46.3,OK,False
22,17,cold_storage_loading,4.09,44.1,OK,False
23,17,cold_storage_loading,3.8,44.3,OK,False
24,17,cold_storage_loading,3.8,42.0,OK,False
25,17,cold_storage_loading,4.02,45.1,OK,False
26,17,cold_storage_loading,4.04,44.0,OK,False
27,17,cold_storage_loading,3.97,44.2,OK,False
28,17,cold_storage_loading,4.1,45.0,OK,False
29,17,cold_storage_loading,4.15,45.5,OK,False
30,17,highway_transit,4.91,51.5,OK,False
31,17,highway_transit,4.83,52.9,OK,False
32,17,highway_transit,5.14,51.8,OK,False
33,17,highway_transit,4.9,50.8,OK,False
34,17,highway_transit,5.05,47.5,OK,False
35,17,highway_transit,5.02,48.2,OK,False
36,17,highway_transit,5.16,49.7,OK,False
37,17,highway_transit,5.05,48.4,OK,False
38,17,highway_transit,4.98,50.8,OK,False
39,17,highway_transit,5.09,49.6,OK,False
40,17,highway_transit,4.9,49.3,OK,False
41,17,highway_transit,5.01,49.0,OK,False
42,17,highway_transit,5.15,48.9,OK,False
43,17,highway_transit,4.94,49.7,OK,False
44,17,highway_transit,4.87,50.0,OK,False
45,17,highway_transit,5.12,50.3,OK,False
46,17,highway_transit,4.99,52.6,OK,False
47,17,highway_transit,4.83,52.8,OK,False
48,17,highway_transit,4.82,48.1,OK,False
49,17,highway_transit,4.95,47.9,OK,False
50,17,highway_transit,5.05,51.8,OK,False
51,17,highway_transit,5.03,51.1,OK,False
52,17,highway_transit,5.02,48.1,OK,False
53,17,highway_transit,4.94,52.6,OK,False
54,17,highway_transit,4.97,52.3,OK,False
55,17,highway_transit,4.83,52.0,OK,False
56,17,highway_transit,5.1,49.0,OK,False
57,17,highway_transit,5.01,48.6,OK,False
58,17,highway_transit,5.01,49.6,OK,False
59,17,highway_transit,4.84,49.0,OK,False
60,17,highway_transit,5.04,47.6,OK,False
61,17,highway_transit,5.1,49.0,OK,False
62,17,highway_transit,4.85,47.1,OK,False
63,17,highway_transit,5.18,47.6,OK,False
64,17,highway_transit,5.17,48.9,OK,False
65,17,highway_transit,5.18,49.5,OK,False
66,17,highway_transit,5.06,51.6,OK,False
67,17,highway_transit,4.8,47.5,OK,False
68,17,highway_transit,5.09,48.7,OK,False
69,17,highway_transit,4.97,48.6,OK,False
70,17,highway_transit,5.06,48.4,OK,False
71,17,highway_transit,4.82,51.4,OK,False
72,17,highway_transit,5.01,47.0,OK,False
73,17,highway_transit,5.19,50.8,OK,False
74,17,highway_transit,5.05,48.3,OK,False
75,17,highway_transit,4.86,52.4,OK,False
76,17,highway_transit,4.87,48.1,OK,False
77,17,highway_transit,4.94,48.3,OK,False
78,17,highway_transit,4.81,49.6,OK,False
79,17,highway_transit,4.82,49.3,OK,False
80,17,highway_transit,5.16,52.8,OK,False
81,17,highway_transit,5.01,52.7,OK,False
82,17,highway_transit,5.14,51.8,OK,False
83,17,highway_transit,4.89,49.7,OK,False
84,17,highway_transit,5.09,51.4,OK,False
85,17,highway_transit,4.87,51.3,OK,False
86,17,highway_transit,4.82,51.0,OK,False
87,17,highway_transit,4.91,49.9,OK,False
88,17,highway_transit,4.93,51.1,OK,False
89,17,highway_transit,4.87,51.7,OK,False
90,17,customs_hub_hold,5.97,57.3,OK,False
91,17,customs_hub_hold,6.06,53.9,OK,False
92,17,customs_hub_hold,6.06,52.1,OK,False
93,17,customs_hub_hold,6.02,53.9,OK,False
94,17,customs_hub_hold,5.92,57.8,OK,False
95,17,customs_hub_hold,6.19,57.9,OK,False
96,17,customs_hub_hold,5.93,54.1,OK,False
97,17,customs_hub_hold,5.92,56.4,OK,False
98,17,customs_hub_hold,5.97,53.2,OK,False
99,17,customs_hub_hold,5.96,52.0,OK,False
100,17,customs_hub_hold,6.03,57.5,OK,False
101,17,customs_hub_hold,6.034666666666667,57.13333333333333,OK,True
102,17,customs_hub_hold,6.039333333333333,56.766666666666666,OK,True
103,17,customs_hub_hold,6.0440000000000005,56.4,OK,True
104,17,customs_hub_hold,6.048666666666667,56.03333333333333,OK,True
105,17,customs_hub_hold,6.053333333333334,55.666666666666664,OK,True
106,17,customs_hub_hold,6.058,55.3,OK,True
107,17,customs_hub_hold,6.062666666666667,54.93333333333334,OK,True
108,17,customs_hub_hold,6.067333333333333,54.56666666666667,OK,True
109,17,customs_hub_hold,6.072,54.2,OK,True
110,17,customs_hub_hold,6.076666666666666,53.833333333333336,OK,True
111,17,customs_hub_hold,6.081333333333333,53.46666666666667,OK,True
112,17,customs_hub_hold,6.085999999999999,53.1,OK,True
113,17,customs_hub_hold,6.0906666666666665,52.733333333333334,OK,True
114,17,customs_hub_hold,6.095333333333333,52.36666666666667,OK,True
115,17,customs_hub_hold,6.1,52.0,OK,False
116,17,customs_hub_hold,6.12,53.0,OK,False
117,17,customs_hub_hold,5.94,53.3,OK,False
118,17,customs_hub_hold,5.91,54.3,OK,False
119,17,customs_hub_hold,6.01,54.2,OK,False
120,17,customs_hub_hold,5.98,56.8,OK,False
121,17,customs_hub_hold,5.99,52.4,OK,False
122,17,customs_hub_hold,6.19,56.7,OK,False
123,17,customs_hub_hold,5.83,53.4,OK,False
124,17,customs_hub_hold,5.89,54.8,OK,False
125,17,customs_hub_hold,5.85,55.7,OK,False
126,17,customs_hub_hold,6.18,52.0,OK,False
127,17,customs_hub_hold,5.81,52.5,OK,False
128,17,customs_hub_hold,5.99,53.1,OK,False
129,17,customs_hub_hold,5.88,53.7,OK,False
130,17,customs_hub_hold,6.05,53.5,OK,False
131,17,customs_hub_hold,6.1,57.2,OK,False
132,17,customs_hub_hold,5.97,55.6,OK,False
133,17,customs_hub_hold,6.05,52.2,OK,False
134,17,customs_hub_hold,6.15,57.7,OK,False
135,17,last_mile_delivery,5.13,50.6,OK,False
136,17,last_mile_delivery,4.94,45.9,OK,False
137,17,last_mile_delivery,4.88,48.5,OK,False
138,17,last_mile_delivery,4.91,46.6,OK,False
139,17,last_mile_delivery,5.05,49.9,OK,False
140,17,last_mile_delivery,5.13,46.6,OK,False
141,17,last_mile_delivery,4.81,49.3,OK,False
142,17,last_mile_delivery,4.83,47.3,OK,False
143,17,last_mile_delivery,4.84,50.6,OK,False
144,17,last_mile_delivery,5.0,48.0,OK,False
145,17,last_mile_delivery,4.85,47.1,OK,False
146,17,last_mile_delivery,4.86,49.4,OK,False
147,17,last_mile_delivery,5.06,47.9,OK,False
148,17,last_mile_delivery,4.99,49.6,OK,False
149,17,last_mile_delivery,4.86,46.3,OK,False
150,17,last_mile_delivery,5.0,50.8,OK,False
151,17,last_mile_delivery,5.12,47.8,OK,False
152,17,last_mile_delivery,5.13,45.4,OK,False
153,17,last_mile_delivery,4.96,46.9,OK,False
154,17,last_mile_delivery,4.88,45.9,OK,False
155,17,last_mile_delivery,5.13,47.4,OK,False
156,17,last_mile_delivery,5.07,50.2,OK,False
157,17,last_mile_delivery,5.05,45.2,OK,False
158,17,last_mile_delivery,5.02,46.1,OK,False
159,17,last_mile_delivery,4.92,49.6,OK,False
160,17,last_mile_delivery,5.19,46.2,OK,False
161,17,last_mile_delivery,5.0,48.3,OK,False
162,17,last_mile_delivery,4.95,48.6,OK,False
163,17,last_mile_delivery,4.92,50.6,OK,False
164,17,last_mile_delivery,5.09,49.5,OK,False
0,18,cold_storage_loading,4.02,45.9,OK,False
1,18,cold_storage_loading,3.9,42.9,OK,False
2,18,cold_storage_loading,4.13,44.9,OK,False
3,18,cold_storage_loading,4.0,46.9,OK,False
4,18,cold_storage_loading,3.89,45.6,OK,False
5,18,cold_storage_loading,4.17,43.0,OK,False
6,18,cold_storage_loading,3.86,42.8,OK,False
7,18,cold_storage_loading,4.0,42.9,OK,False
8,18,cold_storage_loading,3.85,43.9,OK,False
9,18,cold_storage_loading,3.91,45.6,OK,False
10,18,cold_storage_loading,4.09,46.5,OK,False
11,18,cold_storage_loading,3.96,44.5,OK,False
12,18,cold_storage_loading,3.99,47.1,OK,False
13,18,cold_storage_loading,3.83,46.9,OK,False
14,18,cold_storage_loading,3.99,47.2,OK,False
15,18,cold_storage_loading,3.93,45.5,OK,False
16,18,cold_storage_loading,4.0,44.8,OK,False
17,18,cold_storage_loading,4.02,46.5,OK,False
18,18,cold_storage_loading,4.19,43.3,OK,False
19,18,cold_storage_loading,4.04,44.2,OK,False
20,18,cold_storage_loading,3.87,45.0,OK,False
21,18,cold_storage_loading,3.81,44.6,OK,False
22,18,cold_storage_loading,3.97,44.7,OK,False
23,18,cold_storage_loading,3.88,42.9,OK,False
24,18,cold_storage_loading,4.03,44.8,OK,False
25,18,cold_storage_loading,4.04,47.9,OK,False
26,18,cold_storage_loading,4.14,45.9,OK,False
27,18,cold_storage_loading,3.86,45.1,OK,False
28,18,cold_storage_loading,4.08,44.2,OK,False
29,18,cold_storage_loading,3.93,43.9,OK,False
30,18,highway_transit,4.95,47.9,OK,False
31,18,highway_transit,4.99,51.5,OK,False
32,18,highway_transit,4.98,49.2,OK,False
33,18,highway_transit,4.87,47.7,OK,False
34,18,highway_transit,5.12,49.0,OK,False
35,18,highway_transit,5.18,50.8,OK,False
36,18,highway_transit,5.14,51.1,OK,False
37,18,highway_transit,4.94,49.5,OK,False
38,18,highway_transit,4.83,47.1,OK,False
39,18,highway_transit,4.88,49.9,OK,False
40,18,highway_transit,4.96,49.5,OK,False
41,18,highway_transit,4.87,48.0,OK,False
42,18,highway_transit,4.97,47.0,OK,False
43,18,highway_transit,5.11,51.5,OK,False
44,18,highway_transit,4.82,47.0,OK,False
45,18,highway_transit,4.84,49.1,OK,False
46,18,highway_transit,4.81,47.8,OK,False
47,18,highway_transit,4.97,49.3,OK,False
48,18,highway_transit,5.17,47.5,OK,False
49,18,highway_transit,5.01,48.2,OK,False
50,18,highway_transit,5.16,47.2,OK,False
51,18,highway_transit,5.02,48.1,OK,False
52,18,highway_transit,5.09,51.9,OK,False
53,18,highway_transit,5.12,52.7,OK,False
54,18,highway_transit,4.9,52.2,OK,False
55,18,highway_transit,4.97,48.0,OK,False
56,18,highway_transit,5.08,50.8,OK,False
57,18,highway_transit,4.91,51.0,OK,False
58,18,highway_transit,5.04,50.4,OK,False
59,18,highway_transit,4.88,47.6,OK,False
60,18,highway_transit,5.17,51.6,OK,False
61,18,highway_transit,5.0,50.8,OK,False
62,18,highway_transit,5.08,52.4,OK,False
63,18,highway_transit,5.01,49.9,OK,False
64,18,highway_transit,4.85,51.5,OK,False
65,18,highway_transit,5.1,51.6,OK,False
66,18,highway_transit,4.93,48.3,OK,False
67,18,highway_transit,5.07,50.6,OK,False
68,18,highway_transit,4.88,47.2,OK,False
69,18,highway_transit,4.89,47.3,OK,False
70,18,highway_transit,4.93,51.2,OK,False
71,18,highway_transit,5.0,51.7,OK,False
72,18,highway_transit,4.88,49.1,OK,False
73,18,highway_transit,5.09,52.6,OK,False
74,18,highway_transit,4.81,47.4,OK,False
75,18,highway_transit,5.03,49.5,OK,False
76,18,highway_transit,5.19,47.5,OK,False
77,18,highway_transit,5.03,50.7,OK,False
78,18,highway_transit,4.91,49.9,OK,False
79,18,highway_transit,4.9,52.4,OK,False
80,18,highway_transit,4.9,47.1,OK,False
81,18,highway_transit,5.15,49.3,OK,False
82,18,highway_transit,4.94,52.1,OK,False
83,18,highway_transit,5.12,51.5,OK,False
84,18,highway_transit,5.02,49.6,OK,False
85,18,highway_transit,4.97,51.6,OK,False
86,18,highway_transit,5.12,49.7,OK,False
87,18,highway_transit,4.94,48.6,OK,False
88,18,highway_transit,5.1,50.7,OK,False
89,18,highway_transit,5.09,49.3,OK,False
90,18,customs_hub_hold,5.93,56.7,OK,False
91,18,customs_hub_hold,6.16,52.7,OK,False
92,18,customs_hub_hold,5.88,53.0,OK,False
93,18,customs_hub_hold,5.91,55.2,OK,False
94,18,customs_hub_hold,6.05,52.1,OK,False
95,18,customs_hub_hold,6.17,53.6,OK,False
96,18,customs_hub_hold,5.87,52.5,OK,False
97,18,customs_hub_hold,5.8,55.6,OK,False
98,18,customs_hub_hold,6.07,55.7,OK,False
99,18,customs_hub_hold,5.9,56.3,OK,False
100,18,customs_hub_hold,6.17,57.7,OK,False
101,18,customs_hub_hold,6.156,57.32,OK,True
102,18,customs_hub_hold,6.142,56.940000000000005,OK,True
103,18,customs_hub_hold,6.128,56.56,OK,True
104,18,customs_hub_hold,6.114,56.18,OK,True
105,18,customs_hub_hold,6.1,55.800000000000004,OK,True
106,18,customs_hub_hold,6.086,55.42,OK,True
107,18,customs_hub_hold,6.072,55.04,OK,True
108,18,customs_hub_hold,6.058,54.660000000000004,OK,True
109,18,customs_hub_hold,6.044,54.28,OK,True
110,18,customs_hub_hold,6.03,53.9,OK,True
111,18,customs_hub_hold,6.016,53.52,OK,True
112,18,customs_hub_hold,6.002,53.14,OK,True
113,18,customs_hub_hold,5.9879999999999995,52.76,OK,True
114,18,customs_hub_hold,5.974,52.38,OK,True
115,18,customs_hub_hold,5.96,52.0,OK,False
116,18,customs_hub_hold,6.1,53.6,OK,False
117,18,customs_hub_hold,6.15,57.8,OK,False
118,18,customs_hub_hold,5.91,53.4,OK,False
119,18,customs_hub_hold,6.05,55.7,OK,False
120,18,customs_hub_hold,5.87,52.6,OK,False
121,18,customs_hub_hold,5.99,57.2,OK,False
122,18,customs_hub_hold,6.18,52.1,OK,False
123,18,customs_hub_hold,6.16,57.7,OK,False
124,18,customs_hub_hold,5.89,57.0,OK,False
125,18,customs_hub_hold,6.0,56.0,OK,False
126,18,customs_hub_hold,6.19,53.2,OK,False
127,18,customs_hub_hold,5.88,52.8,OK,False
128,18,customs_hub_hold,5.82,55.3,OK,False
129,18,customs_hub_hold,5.86,52.7,OK,False
130,18,customs_hub_hold,5.94,56.1,OK,False
131,18,customs_hub_hold,5.84,53.1,OK,False
132,18,customs_hub_hold,5.8,53.9,OK,False
133,18,customs_hub_hold,6.12,57.9,OK,False
134,18,customs_hub_hold,6.02,57.6,OK,False
135,18,last_mile_delivery,5.13,50.2,OK,False
136,18,last_mile_delivery,4.89,47.2,OK,False
137,18,last_mile_delivery,5.08,48.6,OK,False
138,18,last_mile_delivery,5.03,48.5,OK,False
139,18,last_mile_delivery,4.86,47.1,OK,False
140,18,last_mile_delivery,4.91,48.4,OK,False
141,18,last_mile_delivery,5.19,46.0,OK,False
142,18,last_mile_delivery,5.1,47.0,OK,False
143,18,last_mile_delivery,5.13,45.1,OK,False
144,18,last_mile_delivery,5.14,49.9,OK,False
145,18,last_mile_delivery,5.09,48.1,OK,False
146,18,last_mile_delivery,4.92,49.1,OK,False
147,18,last_mile_delivery,5.02,47.7,OK,False
148,18,last_mile_delivery,5.12,50.1,OK,False
149,18,last_mile_delivery,4.84,45.9,OK,False
150,18,last_mile_delivery,4.86,50.0,OK,False
151,18,last_mile_delivery,5.05,46.7,OK,False
152,18,last_mile_delivery,4.96,48.6,OK,False
153,18,last_mile_delivery,4.98,50.0,OK,False
154,18,last_mile_delivery,5.0,47.8,OK,False
155,18,last_mile_delivery,4.92,45.8,OK,False
156,18,last_mile_delivery,5.13,48.7,OK,False
157,18,last_mile_delivery,5.07,49.3,OK,False
158,18,last_mile_delivery,5.07,47.2,OK,False
159,18,last_mile_delivery,4.89,45.9,OK,False
160,18,last_mile_delivery,5.13,46.5,OK,False
161,18,last_mile_delivery,5.15,47.0,OK,False
162,18,last_mile_delivery,4.98,45.7,OK,False
163,18,last_mile_delivery,4.8,46.4,OK,False
164,18,last_mile_delivery,4.93,47.4,OK,False
0,19,cold_storage_loading,4.01,42.0,OK,False
1,19,cold_storage_loading,4.01,43.7,OK,False
2,19,cold_storage_loading,3.99,44.2,OK,False
3,19,cold_storage_loading,4.07,45.9,OK,False
4,19,cold_storage_loading,3.97,45.9,OK,False
5,19,cold_storage_loading,3.86,45.7,OK,False
6,19,cold_storage_loading,4.13,44.0,OK,False
7,19,cold_storage_loading,3.95,42.4,OK,False
8,19,cold_storage_loading,4.18,42.2,OK,False
9,19,cold_storage_loading,4.07,47.7,OK,False
10,19,cold_storage_loading,4.14,44.5,OK,False
11,19,cold_storage_loading,3.8,42.6,OK,False
12,19,cold_storage_loading,3.95,42.4,OK,False
13,19,cold_storage_loading,4.05,47.7,OK,False
14,19,cold_storage_loading,4.19,42.1,OK,False
15,19,cold_storage_loading,4.03,42.4,OK,False
16,19,cold_storage_loading,4.07,42.6,OK,False
17,19,cold_storage_loading,4.04,47.3,OK,False
18,19,cold_storage_loading,3.87,42.2,OK,False
19,19,cold_storage_loading,4.12,44.3,OK,False
20,19,cold_storage_loading,3.96,44.3,OK,False
21,19,cold_storage_loading,3.8,42.9,OK,False
22,19,cold_storage_loading,3.85,45.3,OK,False
23,19,cold_storage_loading,3.89,47.5,OK,False
24,19,cold_storage_loading,3.93,46.9,OK,False
25,19,cold_storage_loading,4.06,45.4,OK,False
26,19,cold_storage_loading,3.84,47.1,OK,False
27,19,cold_storage_loading,3.82,46.7,OK,False
28,19,cold_storage_loading,3.99,42.7,OK,False
29,19,cold_storage_loading,4.18,42.3,OK,False
30,19,highway_transit,5.06,49.6,OK,False
31,19,highway_transit,4.82,49.4,OK,False
32,19,highway_transit,4.82,47.3,OK,False
33,19,highway_transit,4.91,50.6,OK,False
34,19,highway_transit,5.12,49.8,OK,False
35,19,highway_transit,5.01,52.7,OK,False
36,19,highway_transit,5.19,51.8,OK,False
37,19,highway_transit,5.16,50.6,OK,False
38,19,highway_transit,5.08,49.4,OK,False
39,19,highway_transit,5.07,50.2,OK,False
40,19,highway_transit,5.02,50.4,OK,False
41,19,highway_transit,5.06,47.7,OK,False
42,19,highway_transit,5.19,51.1,OK,False
43,19,highway_transit,4.81,47.3,OK,False
44,19,highway_transit,5.1,50.0,OK,False
45,19,highway_transit,5.03,47.2,OK,False
46,19,highway_transit,5.03,49.0,OK,False
47,19,highway_transit,5.04,51.8,OK,False
48,19,highway_transit,5.12,52.9,OK,False
49,19,highway_transit,5.07,47.8,OK,False
50,19,highway_transit,4.8,47.9,OK,False
51,19,highway_transit,5.01,50.4,OK,False
52,19,highway_transit,4.83,49.7,OK,False
53,19,highway_transit,4.9,52.8,OK,False
54,19,highway_transit,4.9,52.8,OK,False
55,19,highway_transit,5.04,50.7,OK,False
56,19,highway_transit,4.99,52.6,OK,False
57,19,highway_transit,5.14,47.4,OK,False
58,19,highway_transit,5.0,51.9,OK,False
59,19,highway_transit,4.99,51.5,OK,False
60,19,highway_transit,4.83,49.6,OK,False
61,19,highway_transit,4.9,52.6,OK,False
62,19,highway_transit,4.91,51.7,OK,False
63,19,highway_transit,4.84,52.2,OK,False
64,19,highway_transit,4.93,47.4,OK,False
65,19,highway_transit,5.02,47.7,OK,False
66,19,highway_transit,4.8,51.0,OK,False
67,19,highway_transit,5.01,47.0,OK,False
68,19,highway_transit,5.07,51.7,OK,False
69,19,highway_transit,4.81,51.3,OK,False
70,19,highway_transit,4.8,47.3,OK,False
71,19,highway_transit,4.85,52.0,OK,False
72,19,highway_transit,4.82,51.9,OK,False
73,19,highway_transit,5.06,47.7,OK,False
74,19,highway_transit,4.97,52.5,OK,False
75,19,highway_transit,4.87,52.6,OK,False
76,19,highway_transit,5.18,52.9,OK,False
77,19,highway_transit,5.19,52.4,OK,False
78,19,highway_transit,5.01,50.9,OK,False
79,19,highway_transit,4.98,48.8,OK,False
80,19,highway_transit,5.04,47.4,OK,False
81,19,highway_transit,4.96,51.9,OK,False
82,19,highway_transit,5.14,51.7,OK,False
83,19,highway_transit,5.02,47.3,OK,False
84,19,highway_transit,4.95,47.1,OK,False
85,19,highway_transit,5.14,52.6,OK,False
86,19,highway_transit,5.02,48.4,OK,False
87,19,highway_transit,4.97,48.0,OK,False
88,19,highway_transit,4.94,50.3,OK,False
89,19,highway_transit,4.91,52.9,OK,False
90,19,customs_hub_hold,5.89,56.8,OK,False
91,19,customs_hub_hold,5.93,56.8,OK,False
92,19,customs_hub_hold,6.1,54.6,OK,False
93,19,customs_hub_hold,5.87,57.2,OK,False
94,19,customs_hub_hold,6.18,52.4,OK,False
95,19,customs_hub_hold,6.15,56.0,OK,False
96,19,customs_hub_hold,5.88,56.9,OK,False
97,19,customs_hub_hold,6.15,54.8,OK,False
98,19,customs_hub_hold,6.17,52.2,OK,False
99,19,customs_hub_hold,6.17,55.3,OK,False
100,19,customs_hub_hold,5.98,57.9,OK,False
101,19,customs_hub_hold,5.969333333333334,57.86,OK,True
102,19,customs_hub_hold,5.958666666666667,57.82,OK,True
103,19,customs_hub_hold,5.948,57.78,OK,True
104,19,customs_hub_hold,5.937333333333334,57.739999999999995,OK,True
105,19,customs_hub_hold,5.926666666666667,57.699999999999996,OK,True
106,19,customs_hub_hold,5.916,57.66,OK,True
107,19,customs_hub_hold,5.905333333333334,57.62,OK,True
108,19,customs_hub_hold,5.894666666666667,57.58,OK,True
109,19,customs_hub_hold,5.884,57.54,OK,True
110,19,customs_hub_hold,5.873333333333334,57.5,OK,True
111,19,customs_hub_hold,5.862666666666667,57.46,OK,True
112,19,customs_hub_hold,5.852,57.419999999999995,OK,True
113,19,customs_hub_hold,5.841333333333334,57.379999999999995,OK,True
114,19,customs_hub_hold,5.830666666666667,57.339999999999996,OK,True
115,19,customs_hub_hold,5.82,57.3,OK,False
116,19,customs_hub_hold,6.08,54.2,OK,False
117,19,customs_hub_hold,5.89,56.3,OK,False
118,19,customs_hub_hold,5.98,53.2,OK,False
119,19,customs_hub_hold,6.09,57.2,OK,False
120,19,customs_hub_hold,6.09,55.1,OK,False
121,19,customs_hub_hold,5.99,56.0,OK,False
122,19,customs_hub_hold,5.84,53.5,OK,False
123,19,customs_hub_hold,6.16,56.0,OK,False
124,19,customs_hub_hold,5.96,53.2,OK,False
125,19,customs_hub_hold,5.82,55.6,OK,False
126,19,customs_hub_hold,5.8,53.7,OK,False
127,19,customs_hub_hold,5.95,53.1,OK,False
128,19,customs_hub_hold,6.05,56.8,OK,False
129,19,customs_hub_hold,5.84,57.7,OK,False
130,19,customs_hub_hold,5.83,52.7,OK,False
131,19,customs_hub_hold,6.05,54.3,OK,False
132,19,customs_hub_hold,5.96,57.5,OK,False
133,19,customs_hub_hold,6.19,57.6,OK,False
134,19,customs_hub_hold,5.96,57.5,OK,False
135,19,last_mile_delivery,5.13,49.1,OK,False
136,19,last_mile_delivery,5.17,48.5,OK,False
137,19,last_mile_delivery,4.88,48.0,OK,False
138,19,last_mile_delivery,5.15,50.4,OK,False
139,19,last_mile_delivery,5.07,45.0,OK,False
140,19,last_mile_delivery,5.09,50.9,OK,False
141,19,last_mile_delivery,5.17,48.0,OK,False
142,19,last_mile_delivery,4.9,46.7,OK,False
143,19,last_mile_delivery,4.95,46.3,OK,False
144,19,last_mile_delivery,4.81,45.8,OK,False
145,19,last_mile_delivery,5.0,49.8,OK,False
146,19,last_mile_delivery,4.91,48.8,OK,False
147,19,last_mile_delivery,4.98,48.2,OK,False
148,19,last_mile_delivery,5.18,50.6,OK,False
149,19,last_mile_delivery,4.82,45.5,OK,False
150,19,last_mile_delivery,5.19,49.2,OK,False
151,19,last_mile_delivery,4.91,45.6,OK,False
152,19,last_mile_delivery,4.86,45.8,OK,False
153,19,last_mile_delivery,4.93,47.1,OK,False
154,19,last_mile_delivery,5.19,49.7,OK,False
155,19,last_mile_delivery,5.18,50.2,OK,False
156,19,last_mile_delivery,5.19,47.2,OK,False
157,19,last_mile_delivery,5.02,46.7,OK,False
158,19,last_mile_delivery,5.05,47.6,OK,False
159,19,last_mile_delivery,4.93,47.5,OK,False
160,19,last_mile_delivery,5.07,47.5,OK,False
161,19,last_mile_delivery,4.83,46.4,OK,False
162,19,last_mile_delivery,5.08,49.5,OK,False
163,19,last_mile_delivery,5.15,47.5,OK,False
164,19,last_mile_delivery,5.17,46.0,OK,False
0,20,cold_storage_loading,4.0,44.1,OK,False
1,20,cold_storage_loading,4.12,45.2,OK,False
2,20,cold_storage_loading,4.18,44.2,OK,False
3,20,cold_storage_loading,3.81,45.6,OK,False
4,20,cold_storage_loading,4.12,46.9,OK,False
5,20,cold_storage_loading,4.02,47.7,OK,False
6,20,cold_storage_loading,4.0,45.2,OK,False
7,20,cold_storage_loading,3.97,47.2,OK,False
8,20,cold_storage_loading,4.18,46.5,OK,False
9,20,cold_storage_loading,4.16,43.1,OK,False
10,20,cold_storage_loading,4.19,43.2,OK,False
11,20,cold_storage_loading,3.97,46.7,OK,False
12,20,cold_storage_loading,3.98,43.0,OK,False
13,20,cold_storage_loading,3.87,42.5,OK,False
14,20,cold_storage_loading,3.99,43.7,OK,False
15,20,cold_storage_loading,4.13,45.3,OK,False
16,20,cold_storage_loading,3.81,45.7,OK,False
17,20,cold_storage_loading,4.06,42.8,OK,False
18,20,cold_storage_loading,3.88,47.8,OK,False
19,20,cold_storage_loading,3.8,43.7,OK,False
20,20,cold_storage_loading,4.05,42.9,OK,False
21,20,cold_storage_loading,4.19,47.2,OK,False
22,20,cold_storage_loading,4.13,45.9,OK,False
23,20,cold_storage_loading,3.97,46.1,OK,False
24,20,cold_storage_loading,4.16,43.7,OK,False
25,20,cold_storage_loading,4.08,42.2,OK,False
26,20,cold_storage_loading,3.94,42.3,OK,False
27,20,cold_storage_loading,4.18,47.6,OK,False
28,20,cold_storage_loading,3.97,47.9,OK,False
29,20,cold_storage_loading,3.96,46.7,OK,False
30,20,highway_transit,5.1,52.0,OK,False
31,20,highway_transit,5.05,48.0,OK,False
32,20,highway_transit,5.06,51.4,OK,False
33,20,highway_transit,4.88,52.8,OK,False
34,20,highway_transit,5.19,50.6,OK,False
35,20,highway_transit,4.84,49.3,OK,False
36,20,highway_transit,5.17,52.5,OK,False
37,20,highway_transit,5.05,51.7,OK,False
38,20,highway_transit,4.93,51.7,OK,False
39,20,highway_transit,4.86,50.5,OK,False
40,20,highway_transit,5.15,50.6,OK,False
41,20,highway_transit,4.92,52.7,OK,False
42,20,highway_transit,5.08,49.9,OK,False
43,20,highway_transit,4.98,49.1,OK,False
44,20,highway_transit,5.05,47.0,OK,False
45,20,highway_transit,5.15,51.3,OK,False
46,20,highway_transit,5.18,50.2,OK,False
47,20,highway_transit,5.18,48.3,OK,False
48,20,highway_transit,5.07,52.3,OK,False
49,20,highway_transit,5.13,48.1,OK,False
50,20,highway_transit,4.91,48.6,OK,False
51,20,highway_transit,5.0,47.4,OK,False
52,20,highway_transit,4.9,52.8,OK,False
53,20,highway_transit,5.08,52.9,OK,False
54,20,highway_transit,4.83,52.7,OK,False
55,20,highway_transit,5.18,52.7,OK,False
56,20,highway_transit,4.97,48.4,OK,False
57,20,highway_transit,5.04,49.8,OK,False
58,20,highway_transit,4.96,47.4,OK,False
59,20,highway_transit,5.03,50.1,OK,False
60,20,highway_transit,4.89,47.6,OK,False
61,20,highway_transit,4.8,48.4,OK,False
62,20,highway_transit,5.14,51.0,OK,False
63,20,highway_transit,5.07,48.5,OK,False
64,20,highway_transit,5.01,49.3,OK,False
65,20,highway_transit,4.94,49.8,OK,False
66,20,highway_transit,5.07,47.7,OK,False
67,20,highway_transit,4.88,50.1,OK,False
68,20,highway_transit,5.19,49.5,OK,False
69,20,highway_transit,5.13,50.0,OK,False
70,20,highway_transit,5.07,50.1,OK,False
71,20,highway_transit,5.03,52.3,OK,False
72,20,highway_transit,5.09,48.0,OK,False
73,20,highway_transit,4.96,49.5,OK,False
74,20,highway_transit,5.13,51.6,OK,False
75,20,highway_transit,5.04,49.7,OK,False
76,20,highway_transit,5.1,52.3,OK,False
77,20,highway_transit,4.88,48.8,OK,False
78,20,highway_transit,5.04,51.2,OK,False
79,20,highway_transit,5.06,51.2,OK,False
80,20,highway_transit,5.11,47.7,OK,False
81,20,highway_transit,5.1,49.2,OK,False
82,20,highway_transit,4.94,52.0,OK,False
83,20,highway_transit,4.92,49.1,OK,False
84,20,highway_transit,4.95,51.3,OK,False
85,20,highway_transit,4.91,47.6,OK,False
86,20,highway_transit,4.92,47.1,OK,False
87,20,highway_transit,5.0,52.7,OK,False
88,20,highway_transit,5.18,50.6,OK,False
89,20,highway_transit,5.13,51.2,OK,False
90,20,customs_hub_hold,6.18,56.2,OK,False
91,20,customs_hub_hold,6.03,55.6,OK,False
92,20,customs_hub_hold,5.85,55.5,OK,False
93,20,customs_hub_hold,6.16,53.2,OK,False
94,20,customs_hub_hold,5.84,52.7,OK,False
95,20,customs_hub_hold,6.13,57.7,OK,False
96,20,customs_hub_hold,5.82,55.3,OK,False
97,20,customs_hub_hold,6.03,54.0,OK,False
98,20,customs_hub_hold,5.87,54.7,OK,False
99,20,customs_hub_hold,6.11,53.6,OK,False
100,20,customs_hub_hold,6.19,52.1,OK,False
101,20,customs_hub_hold,6.182666666666667,52.446666666666665,OK,True
102,20,customs_hub_hold,6.175333333333334,52.79333333333334,OK,True
103,20,customs_hub_hold,6.168,53.14,OK,True
104,20,customs_hub_hold,6.160666666666667,53.486666666666665,OK,True
105,20,customs_hub_hold,6.153333333333333,53.833333333333336,OK,True
106,20,customs_hub_hold,6.146,54.18,OK,True
107,20,customs_hub_hold,6.1386666666666665,54.526666666666664,OK,True
108,20,customs_hub_hold,6.131333333333334,54.873333333333335,OK,True
109,20,customs_hub_hold,6.1240000000000006,55.22,OK,True
110,20,customs_hub_hold,6.116666666666667,55.56666666666666,OK,True
111,20,customs_hub_hold,6.109333333333334,55.913333333333334,OK,True
112,20,customs_hub_hold,6.102,56.26,OK,True
113,20,customs_hub_hold,6.094666666666667,56.60666666666666,OK,True
114,20,customs_hub_hold,6.0873333333333335,56.95333333333333,OK,True
115,20,customs_hub_hold,6.08,57.3,OK,False
116,20,customs_hub_hold,6.06,54.8,OK,False
117,20,customs_hub_hold,6.1,55.5,OK,False
118,20,customs_hub_hold,6.05,52.3,OK,False
119,20,customs_hub_hold,6.13,52.7,OK,False
120,20,customs_hub_hold,5.98,56.9,OK,False
121,20,customs_hub_hold,5.92,54.8,OK,False
122,20,customs_hub_hold,5.83,55.6,OK,False
123,20,customs_hub_hold,6.09,55.0,OK,False
124,20,customs_hub_hold,5.96,55.4,OK,False
125,20,customs_hub_hold,5.97,55.9,OK,False
126,20,customs_hub_hold,5.88,54.2,OK,False
127,20,customs_hub_hold,6.09,54.1,OK,False
128,20,customs_hub_hold,5.88,53.0,OK,False
129,20,customs_hub_hold,5.89,56.7,OK,False
130,20,customs_hub_hold,6.05,54.6,OK,False
131,20,customs_hub_hold,5.86,55.5,OK,False
132,20,customs_hub_hold,6.19,55.8,OK,False
133,20,customs_hub_hold,5.86,57.3,OK,False
134,20,customs_hub_hold,5.83,57.4,OK,False
135,20,last_mile_delivery,5.13,48.7,OK,False
136,20,last_mile_delivery,5.12,49.8,OK,False
137,20,last_mile_delivery,5.08,48.1,OK,False
138,20,last_mile_delivery,4.87,46.3,OK,False
139,20,last_mile_delivery,4.95,48.9,OK,False
140,20,last_mile_delivery,4.87,47.4,OK,False
141,20,last_mile_delivery,4.82,50.7,OK,False
142,20,last_mile_delivery,5.17,46.4,OK,False
143,20,last_mile_delivery,4.84,47.5,OK,False
144,20,last_mile_delivery,4.88,47.7,OK,False
145,20,last_mile_delivery,4.84,45.5,OK,False
146,20,last_mile_delivery,4.97,49.2,OK,False
147,20,last_mile_delivery,4.94,48.0,OK,False
148,20,last_mile_delivery,4.91,45.1,OK,False
149,20,last_mile_delivery,4.8,45.1,OK,False
150,20,last_mile_delivery,5.12,48.4,OK,False
151,20,last_mile_delivery,4.84,50.5,OK,False
152,20,last_mile_delivery,5.09,49.0,OK,False
153,20,last_mile_delivery,4.88,50.2,OK,False
154,20,last_mile_delivery,4.98,45.6,OK,False
155,20,last_mile_delivery,4.97,49.3,OK,False
156,20,last_mile_delivery,5.18,45.7,OK,False
157,20,last_mile_delivery,5.04,50.8,OK,False
158,20,last_mile_delivery,5.03,48.7,OK,False
159,20,last_mile_delivery,4.9,49.1,OK,False
160,20,last_mile_delivery,5.01,47.8,OK,False
161,20,last_mile_delivery,4.98,45.1,OK,False
162,20,last_mile_delivery,5.11,46.6,OK,False
163,20,last_mile_delivery,5.03,48.6,OK,False
164,20,last_mile_delivery,5.01,49.9,OK,False
